Date,prob_usd_up,market_regime,pred_direction,signal
2013-01-01,0.9102899230043509,SYSTEMIC_STRESS,1,BUY_USD
2013-01-02,0.9102899082261345,SYSTEMIC_STRESS,1,BUY_USD
2013-01-03,0.9084933506003069,SYSTEMIC_STRESS,1,BUY_USD
2013-01-04,0.8831349752158085,SYSTEMIC_STRESS,1,BUY_USD
2013-01-07,0.8970382966097774,SYSTEMIC_STRESS,1,BUY_USD
2013-01-08,0.8911012311108322,SYSTEMIC_STRESS,1,BUY_USD
2013-01-09,0.8612310210516991,SYSTEMIC_STRESS,1,BUY_USD
2013-01-10,0.8597881630551447,SYSTEMIC_STRESS,1,BUY_USD
2013-01-11,0.87430059034396,SYSTEMIC_STRESS,1,BUY_USD
2013-01-14,0.8553524907756145,SYSTEMIC_STRESS,1,BUY_USD
2013-01-15,0.8752451066039353,SYSTEMIC_STRESS,1,BUY_USD
2013-01-16,0.88668441988078,SYSTEMIC_STRESS,1,BUY_USD
2013-01-17,0.8266206027064646,SYSTEMIC_STRESS,1,BUY_USD
2013-01-18,0.8720690218550408,SYSTEMIC_STRESS,1,BUY_USD
2013-01-21,0.8999501053594872,SYSTEMIC_STRESS,1,BUY_USD
2013-01-22,0.8683207124168377,SYSTEMIC_STRESS,1,BUY_USD
2013-01-23,0.8944784718368091,SYSTEMIC_STRESS,1,BUY_USD
2013-01-24,0.8974106974807973,SYSTEMIC_STRESS,1,BUY_USD
2013-01-25,0.8661574053376134,SYSTEMIC_STRESS,1,BUY_USD
2013-01-28,0.8659923846518344,SYSTEMIC_STRESS,1,BUY_USD
2013-01-29,0.8361054234614477,SYSTEMIC_STRESS,1,BUY_USD
2013-01-30,0.8892380450612238,SYSTEMIC_STRESS,1,BUY_USD
2013-01-31,0.8711671840442468,SYSTEMIC_STRESS,1,BUY_USD
2013-02-01,0.8252486591685264,SYSTEMIC_STRESS,1,BUY_USD
2013-02-04,0.8313213074216399,SYSTEMIC_STRESS,1,BUY_USD
2013-02-05,0.8212309157441965,SYSTEMIC_STRESS,1,BUY_USD
2013-02-06,0.8337813644883597,SYSTEMIC_STRESS,1,BUY_USD
2013-02-07,0.79856491123356,SYSTEMIC_STRESS,1,BUY_USD
2013-02-08,0.7715831513201097,SYSTEMIC_STRESS,1,BUY_USD
2013-02-11,0.8190455435584024,SYSTEMIC_STRESS,1,BUY_USD
2013-02-12,0.8387564983586986,SYSTEMIC_STRESS,1,BUY_USD
2013-02-13,0.8208764906460225,SYSTEMIC_STRESS,1,BUY_USD
2013-02-14,0.876401951288348,SYSTEMIC_STRESS,1,BUY_USD
2013-02-15,0.8763514914157557,SYSTEMIC_STRESS,1,BUY_USD
2013-02-18,0.8625665077772298,SYSTEMIC_STRESS,1,BUY_USD
2013-02-19,0.8802789848896448,SYSTEMIC_STRESS,1,BUY_USD
2013-02-20,0.8712064167699792,SYSTEMIC_STRESS,1,BUY_USD
2013-02-21,0.8535935177383773,SYSTEMIC_STRESS,1,BUY_USD
2013-02-22,0.8266206878617877,SYSTEMIC_STRESS,1,BUY_USD
2013-02-25,0.84054906228537,SYSTEMIC_STRESS,1,BUY_USD
2013-02-26,0.8165329271284422,SYSTEMIC_STRESS,1,BUY_USD
2013-02-27,0.8230596271823136,SYSTEMIC_STRESS,1,BUY_USD
2013-02-28,0.8486529162038483,SYSTEMIC_STRESS,1,BUY_USD
2013-03-01,0.8173020570060309,SYSTEMIC_STRESS,1,BUY_USD
2013-03-04,0.8375461552143084,SYSTEMIC_STRESS,1,BUY_USD
2013-03-05,0.8066479130097738,SYSTEMIC_STRESS,1,BUY_USD
2013-03-06,0.8233872312440043,SYSTEMIC_STRESS,1,BUY_USD
2013-03-07,0.8269270012179306,SYSTEMIC_STRESS,1,BUY_USD
2013-03-08,0.8758786606741602,SYSTEMIC_STRESS,1,BUY_USD
2013-03-11,0.8787175360177456,SYSTEMIC_STRESS,1,BUY_USD
2013-03-12,0.8734885379620657,SYSTEMIC_STRESS,1,BUY_USD
2013-03-13,0.8669156322324065,SYSTEMIC_STRESS,1,BUY_USD
2013-03-14,0.831607814964455,SYSTEMIC_STRESS,1,BUY_USD
2013-03-15,0.8610745411467462,SYSTEMIC_STRESS,1,BUY_USD
2013-03-18,0.8644033234409798,SYSTEMIC_STRESS,1,BUY_USD
2013-03-19,0.869947829122041,SYSTEMIC_STRESS,1,BUY_USD
2013-03-20,0.838020296904503,SYSTEMIC_STRESS,1,BUY_USD
2013-03-21,0.8539434410025764,SYSTEMIC_STRESS,1,BUY_USD
2013-03-22,0.7995154803346508,SYSTEMIC_STRESS,1,BUY_USD
2013-03-25,0.8447302994032432,SYSTEMIC_STRESS,1,BUY_USD
2013-03-26,0.8163841445850417,SYSTEMIC_STRESS,1,BUY_USD
2013-03-27,0.8058053062605215,SYSTEMIC_STRESS,1,BUY_USD
2013-03-28,0.8129154812519206,SYSTEMIC_STRESS,1,BUY_USD
2013-03-29,0.8263337925990126,SYSTEMIC_STRESS,1,BUY_USD
2013-04-01,0.8560532207233477,SYSTEMIC_STRESS,1,BUY_USD
2013-04-02,0.8226557585842438,SYSTEMIC_STRESS,1,BUY_USD
2013-04-03,0.8525846664928938,SYSTEMIC_STRESS,1,BUY_USD
2013-04-04,0.8631230230872313,SYSTEMIC_STRESS,1,BUY_USD
2013-04-05,0.8954908112610876,SYSTEMIC_STRESS,1,BUY_USD
2013-04-08,0.9089198473932236,SYSTEMIC_STRESS,1,BUY_USD
2013-04-09,0.9085681970153321,SYSTEMIC_STRESS,1,BUY_USD
2013-04-10,0.9223217970257453,SYSTEMIC_STRESS,1,BUY_USD
2013-04-11,0.9353849245797532,SYSTEMIC_STRESS,1,BUY_USD
2013-04-12,0.9278018069728391,SYSTEMIC_STRESS,1,BUY_USD
2013-04-15,0.9256590835006825,SYSTEMIC_STRESS,1,BUY_USD
2013-04-16,0.8936920977159033,SYSTEMIC_STRESS,1,BUY_USD
2013-04-17,0.9183106804626779,SYSTEMIC_STRESS,1,BUY_USD
2013-04-18,0.8805553228217722,SYSTEMIC_STRESS,1,BUY_USD
2013-04-19,0.8620401603412227,SYSTEMIC_STRESS,1,BUY_USD
2013-04-22,0.8492256897139904,SYSTEMIC_STRESS,1,BUY_USD
2013-04-23,0.8376982732669322,SYSTEMIC_STRESS,1,BUY_USD
2013-04-24,0.8458214469848012,SYSTEMIC_STRESS,1,BUY_USD
2013-04-25,0.8569826518815155,SYSTEMIC_STRESS,1,BUY_USD
2013-04-26,0.9250382705467478,SYSTEMIC_STRESS,1,BUY_USD
2013-04-29,0.9150595816514135,SYSTEMIC_STRESS,1,BUY_USD
2013-04-30,0.9290762830980918,SYSTEMIC_STRESS,1,BUY_USD
2013-05-01,0.9217200811408893,SYSTEMIC_STRESS,1,BUY_USD
2013-05-02,0.8972670170022666,SYSTEMIC_STRESS,1,BUY_USD
2013-05-03,0.9224293466926905,SYSTEMIC_STRESS,1,BUY_USD
2013-05-06,0.9256953044052532,SYSTEMIC_STRESS,1,BUY_USD
2013-05-07,0.9194794847313434,SYSTEMIC_STRESS,1,BUY_USD
2013-05-08,0.9072753377196702,SYSTEMIC_STRESS,1,BUY_USD
2013-05-09,0.9246822090553486,SYSTEMIC_STRESS,1,BUY_USD
2013-05-10,0.9231389277143222,SYSTEMIC_STRESS,1,BUY_USD
2013-05-13,0.9156546563857315,SYSTEMIC_STRESS,1,BUY_USD
2013-05-14,0.8692244122036171,SYSTEMIC_STRESS,1,BUY_USD
2013-05-15,0.8715440033104911,SYSTEMIC_STRESS,1,BUY_USD
2013-05-16,0.8663841777375167,SYSTEMIC_STRESS,1,BUY_USD
2013-05-17,0.8348922562347941,SYSTEMIC_STRESS,1,BUY_USD
2013-05-20,0.8484886370529852,SYSTEMIC_STRESS,1,BUY_USD
2013-05-21,0.8890547120254204,SYSTEMIC_STRESS,1,BUY_USD
2013-05-22,0.8734541679788675,SYSTEMIC_STRESS,1,BUY_USD
2013-05-23,0.8769232818710755,SYSTEMIC_STRESS,1,BUY_USD
2013-05-24,0.8865258314997706,SYSTEMIC_STRESS,1,BUY_USD
2013-05-27,0.846538218299436,SYSTEMIC_STRESS,1,BUY_USD
2013-05-28,0.8283991135274401,SYSTEMIC_STRESS,1,BUY_USD
2013-05-29,0.8671526096270119,SYSTEMIC_STRESS,1,BUY_USD
2013-05-30,0.8189986145683599,SYSTEMIC_STRESS,1,BUY_USD
2013-05-31,0.844881905959713,SYSTEMIC_STRESS,1,BUY_USD
2013-06-03,0.8276463973331063,SYSTEMIC_STRESS,1,BUY_USD
2013-06-04,0.840403892151905,SYSTEMIC_STRESS,1,BUY_USD
2013-06-05,0.867730098925091,SYSTEMIC_STRESS,1,BUY_USD
2013-06-06,0.8358133960215306,SYSTEMIC_STRESS,1,BUY_USD
2013-06-07,0.8879448836565182,SYSTEMIC_STRESS,1,BUY_USD
2013-06-10,0.8773366003914361,SYSTEMIC_STRESS,1,BUY_USD
2013-06-11,0.85934626820956,SYSTEMIC_STRESS,1,BUY_USD
2013-06-12,0.8658113948374879,SYSTEMIC_STRESS,1,BUY_USD
2013-06-13,0.8726886677428175,SYSTEMIC_STRESS,1,BUY_USD
2013-06-14,0.9319255561229304,SYSTEMIC_STRESS,1,BUY_USD
2013-06-17,0.9297376424578064,SYSTEMIC_STRESS,1,BUY_USD
2013-06-18,0.9081706427893852,SYSTEMIC_STRESS,1,BUY_USD
2013-06-19,0.885149654442777,SYSTEMIC_STRESS,1,BUY_USD
2013-06-20,0.8486123586605737,SYSTEMIC_STRESS,1,BUY_USD
2013-06-21,0.7928128525614193,SYSTEMIC_STRESS,1,BUY_USD
2013-06-24,0.8135988914136942,SYSTEMIC_STRESS,1,BUY_USD
2013-06-25,0.789917196106621,SYSTEMIC_STRESS,1,BUY_USD
2013-06-26,0.8449717710136065,SYSTEMIC_STRESS,1,BUY_USD
2013-06-27,0.8548981032030243,SYSTEMIC_STRESS,1,BUY_USD
2013-06-28,0.845528805705648,SYSTEMIC_STRESS,1,BUY_USD
2013-07-01,0.854693354910645,SYSTEMIC_STRESS,1,BUY_USD
2013-07-02,0.8939256650952325,SYSTEMIC_STRESS,1,BUY_USD
2013-07-03,0.9035363566271664,SYSTEMIC_STRESS,1,BUY_USD
2013-07-04,0.9234902278418377,SYSTEMIC_STRESS,1,BUY_USD
2013-07-05,0.9048912634672519,SYSTEMIC_STRESS,1,BUY_USD
2013-07-08,0.9035090614445399,SYSTEMIC_STRESS,1,BUY_USD
2013-07-09,0.8911861581978723,SYSTEMIC_STRESS,1,BUY_USD
2013-07-10,0.8985671303939916,SYSTEMIC_STRESS,1,BUY_USD
2013-07-11,0.8798328923553169,SYSTEMIC_STRESS,1,BUY_USD
2013-07-12,0.9152969627319011,SYSTEMIC_STRESS,1,BUY_USD
2013-07-15,0.926460584202148,SYSTEMIC_STRESS,1,BUY_USD
2013-07-16,0.9241016568657205,SYSTEMIC_STRESS,1,BUY_USD
2013-07-17,0.9245833201509712,SYSTEMIC_STRESS,1,BUY_USD
2013-07-18,0.9413679205083954,SYSTEMIC_STRESS,1,BUY_USD
2013-07-19,0.9062674975819445,SYSTEMIC_STRESS,1,BUY_USD
2013-07-22,0.8381514185479261,SYSTEMIC_STRESS,1,BUY_USD
2013-07-23,0.8190459734853657,SYSTEMIC_STRESS,1,BUY_USD
2013-07-24,0.8324262721749454,SYSTEMIC_STRESS,1,BUY_USD
2013-07-25,0.8323705563453394,SYSTEMIC_STRESS,1,BUY_USD
2013-07-26,0.844157690767415,SYSTEMIC_STRESS,1,BUY_USD
2013-07-29,0.8467075948093508,SYSTEMIC_STRESS,1,BUY_USD
2013-07-30,0.7959933661059841,SYSTEMIC_STRESS,1,BUY_USD
2013-07-31,0.7395853060882582,SYSTEMIC_STRESS,1,BUY_USD
2013-08-01,0.7356786011219107,SYSTEMIC_STRESS,1,BUY_USD
2013-08-02,0.7492371729143359,SYSTEMIC_STRESS,1,BUY_USD
2013-08-05,0.7298341396620802,SYSTEMIC_STRESS,1,BUY_USD
2013-08-06,0.7156859749833036,SYSTEMIC_STRESS,1,BUY_USD
2013-08-07,0.7060273361275474,SYSTEMIC_STRESS,1,BUY_USD
2013-08-08,0.66827040036973,SYSTEMIC_STRESS,1,BUY_USD
2013-08-09,0.697475153891282,SYSTEMIC_STRESS,1,BUY_USD
2013-08-12,0.7763183340340486,SYSTEMIC_STRESS,1,BUY_USD
2013-08-13,0.7703178101529288,SYSTEMIC_STRESS,1,BUY_USD
2013-08-14,0.7234185261539836,SYSTEMIC_STRESS,1,BUY_USD
2013-08-15,0.718441613923037,SYSTEMIC_STRESS,1,BUY_USD
2013-08-16,0.6970359280584668,SYSTEMIC_STRESS,1,BUY_USD
2013-08-19,0.6740037819553392,SYSTEMIC_STRESS,1,BUY_USD
2013-08-20,0.6936829190950449,SYSTEMIC_STRESS,1,BUY_USD
2013-08-21,0.8113188527904146,SYSTEMIC_STRESS,1,BUY_USD
2013-08-22,0.7140647825423673,SYSTEMIC_STRESS,1,BUY_USD
2013-08-23,0.7562928763117761,SYSTEMIC_STRESS,1,BUY_USD
2013-08-26,0.8270328522328645,SYSTEMIC_STRESS,1,BUY_USD
2013-08-27,0.8193411879358093,SYSTEMIC_STRESS,1,BUY_USD
2013-08-28,0.7710580605121857,SYSTEMIC_STRESS,1,BUY_USD
2013-08-29,0.7803030220572353,SYSTEMIC_STRESS,1,BUY_USD
2013-08-30,0.7681323431042759,SYSTEMIC_STRESS,1,BUY_USD
2013-09-02,0.8392670659714867,SYSTEMIC_STRESS,1,BUY_USD
2013-09-03,0.819471686848746,SYSTEMIC_STRESS,1,BUY_USD
2013-09-04,0.8425558542000461,SYSTEMIC_STRESS,1,BUY_USD
2013-09-05,0.8315802051512018,SYSTEMIC_STRESS,1,BUY_USD
2013-09-06,0.8627768335361278,SYSTEMIC_STRESS,1,BUY_USD
2013-09-09,0.8266850758582263,SYSTEMIC_STRESS,1,BUY_USD
2013-09-10,0.7979161358020783,SYSTEMIC_STRESS,1,BUY_USD
2013-09-11,0.8378923344647444,SYSTEMIC_STRESS,1,BUY_USD
2013-09-12,0.8463130572407114,SYSTEMIC_STRESS,1,BUY_USD
2013-09-13,0.8262731069662669,SYSTEMIC_STRESS,1,BUY_USD
2013-09-16,0.8422919085353167,SYSTEMIC_STRESS,1,BUY_USD
2013-09-17,0.9321494065994063,SYSTEMIC_STRESS,1,BUY_USD
2013-09-18,0.9169776502800246,SYSTEMIC_STRESS,1,BUY_USD
2013-09-19,0.9134130757285057,SYSTEMIC_STRESS,1,BUY_USD
2013-09-20,0.9180011916495163,SYSTEMIC_STRESS,1,BUY_USD
2013-09-23,0.8915544748002042,SYSTEMIC_STRESS,1,BUY_USD
2013-09-24,0.9080700131844579,SYSTEMIC_STRESS,1,BUY_USD
2013-09-25,0.9075821557688405,SYSTEMIC_STRESS,1,BUY_USD
2013-09-26,0.8777667978676306,SYSTEMIC_STRESS,1,BUY_USD
2013-09-27,0.8616329944417154,SYSTEMIC_STRESS,1,BUY_USD
2013-09-30,0.8800978141341191,SYSTEMIC_STRESS,1,BUY_USD
2013-10-01,0.8458254407172174,SYSTEMIC_STRESS,1,BUY_USD
2013-10-02,0.8606959584106967,SYSTEMIC_STRESS,1,BUY_USD
2013-10-03,0.9016872061638694,SYSTEMIC_STRESS,1,BUY_USD
2013-10-04,0.9076594300076847,SYSTEMIC_STRESS,1,BUY_USD
2013-10-07,0.9255423155671366,SYSTEMIC_STRESS,1,BUY_USD
2013-10-09,0.8968003270052997,SYSTEMIC_STRESS,1,BUY_USD
2013-10-10,0.8864949540515157,SYSTEMIC_STRESS,1,BUY_USD
2013-10-11,0.9231327913731079,SYSTEMIC_STRESS,1,BUY_USD
2013-10-14,0.8849359414073237,SYSTEMIC_STRESS,1,BUY_USD
2013-10-15,0.9008352154972668,SYSTEMIC_STRESS,1,BUY_USD
2013-10-16,0.8752428128168653,SYSTEMIC_STRESS,1,BUY_USD
2013-10-17,0.8810618485771324,SYSTEMIC_STRESS,1,BUY_USD
2013-10-18,0.9057500630703481,SYSTEMIC_STRESS,1,BUY_USD
2013-10-21,0.8992528095079239,SYSTEMIC_STRESS,1,BUY_USD
2013-10-22,0.8827042818181898,SYSTEMIC_STRESS,1,BUY_USD
2013-10-23,0.9298231995904478,SYSTEMIC_STRESS,1,BUY_USD
2013-10-24,0.8694262369370476,SYSTEMIC_STRESS,1,BUY_USD
2013-10-25,0.843119241132446,SYSTEMIC_STRESS,1,BUY_USD
2013-10-28,0.821562643500658,SYSTEMIC_STRESS,1,BUY_USD
2013-10-29,0.8502025605110309,SYSTEMIC_STRESS,1,BUY_USD
2013-10-30,0.8858628827463563,SYSTEMIC_STRESS,1,BUY_USD
2013-10-31,0.8748491708694679,SYSTEMIC_STRESS,1,BUY_USD
2013-11-01,0.873983000840685,SYSTEMIC_STRESS,1,BUY_USD
2013-11-04,0.8393200738815405,SYSTEMIC_STRESS,1,BUY_USD
2013-11-05,0.888740635690795,SYSTEMIC_STRESS,1,BUY_USD
2013-11-06,0.8652094507303809,SYSTEMIC_STRESS,1,BUY_USD
2013-11-07,0.8770794097901968,SYSTEMIC_STRESS,1,BUY_USD
2013-11-08,0.901555441792172,SYSTEMIC_STRESS,1,BUY_USD
2013-11-11,0.8554062638692791,SYSTEMIC_STRESS,1,BUY_USD
2013-11-12,0.8535522611692866,SYSTEMIC_STRESS,1,BUY_USD
2013-11-13,0.8268454147304407,SYSTEMIC_STRESS,1,BUY_USD
2013-11-14,0.8500466676380795,SYSTEMIC_STRESS,1,BUY_USD
2013-11-15,0.8250423236880452,SYSTEMIC_STRESS,1,BUY_USD
2013-11-18,0.8128458718927541,SYSTEMIC_STRESS,1,BUY_USD
2013-11-19,0.8914932328877245,SYSTEMIC_STRESS,1,BUY_USD
2013-11-20,0.8310503161299594,SYSTEMIC_STRESS,1,BUY_USD
2013-11-21,0.8325313151091797,SYSTEMIC_STRESS,1,BUY_USD
2013-11-22,0.8208821023551935,SYSTEMIC_STRESS,1,BUY_USD
2013-11-25,0.8604947301798611,SYSTEMIC_STRESS,1,BUY_USD
2013-11-26,0.8293620573298104,SYSTEMIC_STRESS,1,BUY_USD
2013-11-27,0.8174793827863381,SYSTEMIC_STRESS,1,BUY_USD
2013-11-28,0.8161848883695236,SYSTEMIC_STRESS,1,BUY_USD
2013-11-29,0.7876301725563293,SYSTEMIC_STRESS,1,BUY_USD
2013-12-02,0.8201832218843073,SYSTEMIC_STRESS,1,BUY_USD
2013-12-03,0.8302784900413629,SYSTEMIC_STRESS,1,BUY_USD
2013-12-04,0.8022291867798594,SYSTEMIC_STRESS,1,BUY_USD
2013-12-05,0.8175478487193938,SYSTEMIC_STRESS,1,BUY_USD
2013-12-06,0.7973530328322296,SYSTEMIC_STRESS,1,BUY_USD
2013-12-09,0.9008577161728369,SYSTEMIC_STRESS,1,BUY_USD
2013-12-10,0.9047705013584899,SYSTEMIC_STRESS,1,BUY_USD
2013-12-11,0.9213735645812364,SYSTEMIC_STRESS,1,BUY_USD
2013-12-12,0.921911954425072,SYSTEMIC_STRESS,1,BUY_USD
2013-12-13,0.8866576152626291,SYSTEMIC_STRESS,1,BUY_USD
2013-12-16,0.9069585873743217,SYSTEMIC_STRESS,1,BUY_USD
2013-12-17,0.9325291136294478,SYSTEMIC_STRESS,1,BUY_USD
2013-12-18,0.9140425293481202,SYSTEMIC_STRESS,1,BUY_USD
2013-12-19,0.918102163676306,SYSTEMIC_STRESS,1,BUY_USD
2013-12-20,0.9063173671644664,SYSTEMIC_STRESS,1,BUY_USD
2013-12-23,0.8313320888333269,SYSTEMIC_STRESS,1,BUY_USD
2013-12-24,0.8938238002959241,SYSTEMIC_STRESS,1,BUY_USD
2013-12-25,0.8999512228896867,SYSTEMIC_STRESS,1,BUY_USD
2013-12-26,0.9061290882886377,SYSTEMIC_STRESS,1,BUY_USD
2013-12-27,0.8769924264195617,SYSTEMIC_STRESS,1,BUY_USD
2013-12-30,0.8758888114530613,SYSTEMIC_STRESS,1,BUY_USD
2013-12-31,0.8353558232212582,SYSTEMIC_STRESS,1,BUY_USD
2014-01-01,0.8527959602870882,SYSTEMIC_STRESS,1,BUY_USD
2014-01-02,0.8564498475265571,SYSTEMIC_STRESS,1,BUY_USD
2014-01-03,0.8524637507366726,SYSTEMIC_STRESS,1,BUY_USD
2014-01-06,0.8167230426253954,SYSTEMIC_STRESS,1,BUY_USD
2014-01-07,0.7450507570288452,SYSTEMIC_STRESS,1,BUY_USD
2014-01-08,0.8159641586787383,SYSTEMIC_STRESS,1,BUY_USD
2014-01-09,0.7891404423640838,SYSTEMIC_STRESS,1,BUY_USD
2014-01-10,0.7597132195606746,SYSTEMIC_STRESS,1,BUY_USD
2014-01-13,0.7954924452869974,SYSTEMIC_STRESS,1,BUY_USD
2014-01-14,0.8827748047053434,SYSTEMIC_STRESS,1,BUY_USD
2014-01-15,0.8740676856518819,SYSTEMIC_STRESS,1,BUY_USD
2014-01-16,0.8715599893675665,SYSTEMIC_STRESS,1,BUY_USD
2014-01-17,0.8585034630360691,SYSTEMIC_STRESS,1,BUY_USD
2014-01-20,0.8789711567543684,SYSTEMIC_STRESS,1,BUY_USD
2014-01-21,0.8686349020177999,SYSTEMIC_STRESS,1,BUY_USD
2014-01-22,0.8220183622864519,SYSTEMIC_STRESS,1,BUY_USD
2014-01-23,0.9149534341503635,SYSTEMIC_STRESS,1,BUY_USD
2014-01-24,0.8858709909343429,SYSTEMIC_STRESS,1,BUY_USD
2014-01-27,0.9092703074917794,SYSTEMIC_STRESS,1,BUY_USD
2014-01-28,0.8839037387826726,SYSTEMIC_STRESS,1,BUY_USD
2014-01-29,0.9076988544805115,SYSTEMIC_STRESS,1,BUY_USD
2014-01-30,0.8610769444079835,SYSTEMIC_STRESS,1,BUY_USD
2014-01-31,0.857728343066934,SYSTEMIC_STRESS,1,BUY_USD
2014-02-03,0.8562918779041259,SYSTEMIC_STRESS,1,BUY_USD
2014-02-04,0.8196343085563171,SYSTEMIC_STRESS,1,BUY_USD
2014-02-05,0.8831104716920524,SYSTEMIC_STRESS,1,BUY_USD
2014-02-06,0.8714881201613645,SYSTEMIC_STRESS,1,BUY_USD
2014-02-07,0.9040138458266103,SYSTEMIC_STRESS,1,BUY_USD
2014-02-10,0.9366911382990957,SYSTEMIC_STRESS,1,BUY_USD
2014-02-11,0.899759769381823,SYSTEMIC_STRESS,1,BUY_USD
2014-02-12,0.8907238941373791,SYSTEMIC_STRESS,1,BUY_USD
2014-02-13,0.885632757790189,SYSTEMIC_STRESS,1,BUY_USD
2014-02-14,0.9144011098335483,SYSTEMIC_STRESS,1,BUY_USD
2014-02-17,0.9258553409145587,SYSTEMIC_STRESS,1,BUY_USD
2014-02-18,0.9270915997041582,SYSTEMIC_STRESS,1,BUY_USD
2014-02-19,0.9332344313828704,SYSTEMIC_STRESS,1,BUY_USD
2014-02-20,0.9015850994274728,SYSTEMIC_STRESS,1,BUY_USD
2014-02-21,0.8620520489498319,SYSTEMIC_STRESS,1,BUY_USD
2014-02-24,0.8456485444565686,SYSTEMIC_STRESS,1,BUY_USD
2014-02-25,0.9284674315371623,SYSTEMIC_STRESS,1,BUY_USD
2014-02-26,0.9151014413282876,SYSTEMIC_STRESS,1,BUY_USD
2014-02-27,0.8657628811811154,SYSTEMIC_STRESS,1,BUY_USD
2014-02-28,0.909800191502876,SYSTEMIC_STRESS,1,BUY_USD
2014-03-03,0.90737492165557,SYSTEMIC_STRESS,1,BUY_USD
2014-03-04,0.8705605362997954,SYSTEMIC_STRESS,1,BUY_USD
2014-03-05,0.8940379681949011,SYSTEMIC_STRESS,1,BUY_USD
2014-03-06,0.8381307938775192,SYSTEMIC_STRESS,1,BUY_USD
2014-03-07,0.9300074165903959,SYSTEMIC_STRESS,1,BUY_USD
2014-03-10,0.8924766727542557,SYSTEMIC_STRESS,1,BUY_USD
2014-03-11,0.8697521923230783,SYSTEMIC_STRESS,1,BUY_USD
2014-03-12,0.7942002990937677,SYSTEMIC_STRESS,1,BUY_USD
2014-03-13,0.8569937515745806,SYSTEMIC_STRESS,1,BUY_USD
2014-03-14,0.7898647334899245,SYSTEMIC_STRESS,1,BUY_USD
2014-03-17,0.8351996902210206,SYSTEMIC_STRESS,1,BUY_USD
2014-03-18,0.8225470564891995,SYSTEMIC_STRESS,1,BUY_USD
2014-03-19,0.8793806377657392,SYSTEMIC_STRESS,1,BUY_USD
2014-03-20,0.8310773054717783,SYSTEMIC_STRESS,1,BUY_USD
2014-03-21,0.838522917370614,SYSTEMIC_STRESS,1,BUY_USD
2014-03-24,0.8943550866837928,SYSTEMIC_STRESS,1,BUY_USD
2014-03-25,0.8833956163227399,SYSTEMIC_STRESS,1,BUY_USD
2014-03-26,0.8861223883139867,SYSTEMIC_STRESS,1,BUY_USD
2014-03-27,0.8534895735517724,SYSTEMIC_STRESS,1,BUY_USD
2014-03-28,0.8620499493886169,SYSTEMIC_STRESS,1,BUY_USD
2014-03-31,0.8416968508700632,SYSTEMIC_STRESS,1,BUY_USD
2014-04-01,0.8533651251579356,SYSTEMIC_STRESS,1,BUY_USD
2014-04-02,0.8473381248842023,SYSTEMIC_STRESS,1,BUY_USD
2014-04-03,0.843305635970595,SYSTEMIC_STRESS,1,BUY_USD
2014-04-04,0.8286740477316783,SYSTEMIC_STRESS,1,BUY_USD
2014-04-07,0.8393768652281991,SYSTEMIC_STRESS,1,BUY_USD
2014-04-08,0.7671308862196616,SYSTEMIC_STRESS,1,BUY_USD
2014-04-09,0.833691857117193,SYSTEMIC_STRESS,1,BUY_USD
2014-04-10,0.8692626476287841,SYSTEMIC_STRESS,1,BUY_USD
2014-04-11,0.8447560787200927,SYSTEMIC_STRESS,1,BUY_USD
2014-04-14,0.8668907165527344,SYSTEMIC_STRESS,1,BUY_USD
2014-04-15,0.8262154579162597,SYSTEMIC_STRESS,1,BUY_USD
2014-04-16,0.7369035720825197,SYSTEMIC_STRESS,1,BUY_USD
2014-04-17,0.8000720024108887,SYSTEMIC_STRESS,1,BUY_USD
2014-04-18,0.8115647792816163,SYSTEMIC_STRESS,1,BUY_USD
2014-04-21,0.8524593830108642,SYSTEMIC_STRESS,1,BUY_USD
2014-04-22,0.8464797973632814,SYSTEMIC_STRESS,1,BUY_USD
2014-04-23,0.845072364807129,SYSTEMIC_STRESS,1,BUY_USD
2014-04-24,0.7983466148376466,SYSTEMIC_STRESS,1,BUY_USD
2014-04-25,0.7776316165924073,SYSTEMIC_STRESS,1,BUY_USD
2014-04-28,0.730107307434082,SYSTEMIC_STRESS,1,BUY_USD
2014-04-29,0.7675515174865724,SYSTEMIC_STRESS,1,BUY_USD
2014-04-30,0.832826566696167,SYSTEMIC_STRESS,1,BUY_USD
2014-05-01,0.8018493175506591,SYSTEMIC_STRESS,1,BUY_USD
2014-05-02,0.7835381984710694,SYSTEMIC_STRESS,1,BUY_USD
2014-05-05,0.8198296546936035,SYSTEMIC_STRESS,1,BUY_USD
2014-05-06,0.7439640045166016,SYSTEMIC_STRESS,1,BUY_USD
2014-05-07,0.8030359745025635,SYSTEMIC_STRESS,1,BUY_USD
2014-05-08,0.7957151889801026,SYSTEMIC_STRESS,1,BUY_USD
2014-05-09,0.7838161945343018,SYSTEMIC_STRESS,1,BUY_USD
2014-05-12,0.6992158889770508,SYSTEMIC_STRESS,1,BUY_USD
2014-05-13,0.8116650581359863,SYSTEMIC_STRESS,1,BUY_USD
2014-05-14,0.797075366973877,SYSTEMIC_STRESS,1,BUY_USD
2014-05-15,0.8191762924194337,SYSTEMIC_STRESS,1,BUY_USD
2014-05-16,0.7751729965209961,SYSTEMIC_STRESS,1,BUY_USD
2014-05-19,0.7627542018890381,SYSTEMIC_STRESS,1,BUY_USD
2014-05-20,0.7843656063079834,SYSTEMIC_STRESS,1,BUY_USD
2014-05-21,0.7378543853759767,SYSTEMIC_STRESS,1,BUY_USD
2014-05-22,0.7443084716796875,SYSTEMIC_STRESS,1,BUY_USD
2014-05-23,0.7868125915527344,SYSTEMIC_STRESS,1,BUY_USD
2014-05-26,0.7779155254364014,SYSTEMIC_STRESS,1,BUY_USD
2014-05-27,0.7471314430236817,SYSTEMIC_STRESS,1,BUY_USD
2014-05-28,0.6872361183166504,SYSTEMIC_STRESS,1,BUY_USD
2014-05-29,0.7409624099731447,SYSTEMIC_STRESS,1,BUY_USD
2014-05-30,0.8083461284637452,SYSTEMIC_STRESS,1,BUY_USD
2014-06-02,0.7915785789489747,SYSTEMIC_STRESS,1,BUY_USD
2014-06-03,0.7424627780914308,SYSTEMIC_STRESS,1,BUY_USD
2014-06-04,0.8212832927703857,SYSTEMIC_STRESS,1,BUY_USD
2014-06-05,0.7442273616790771,SYSTEMIC_STRESS,1,BUY_USD
2014-06-06,0.772688341140747,SYSTEMIC_STRESS,1,BUY_USD
2014-06-09,0.763130569458008,SYSTEMIC_STRESS,1,BUY_USD
2014-06-10,0.7661156177520752,SYSTEMIC_STRESS,1,BUY_USD
2014-06-11,0.8072684288024903,SYSTEMIC_STRESS,1,BUY_USD
2014-06-12,0.7415971279144287,SYSTEMIC_STRESS,1,BUY_USD
2014-06-13,0.6695923328399658,SYSTEMIC_STRESS,1,BUY_USD
2014-06-16,0.6772719860076905,SYSTEMIC_STRESS,1,BUY_USD
2014-06-17,0.6633807182312013,SYSTEMIC_STRESS,1,BUY_USD
2014-06-18,0.6769123554229737,SYSTEMIC_STRESS,1,BUY_USD
2014-06-19,0.7334438800811769,SYSTEMIC_STRESS,1,BUY_USD
2014-06-20,0.7304466724395753,SYSTEMIC_STRESS,1,BUY_USD
2014-06-23,0.7924134731292725,SYSTEMIC_STRESS,1,BUY_USD
2014-06-24,0.7817138671875001,SYSTEMIC_STRESS,1,BUY_USD
2014-06-25,0.8117950439453125,SYSTEMIC_STRESS,1,BUY_USD
2014-06-26,0.78426194190979,SYSTEMIC_STRESS,1,BUY_USD
2014-06-27,0.7829300403594972,SYSTEMIC_STRESS,1,BUY_USD
2014-06-30,0.7461125373840332,SYSTEMIC_STRESS,1,BUY_USD
2014-07-01,0.7537954807281495,SYSTEMIC_STRESS,1,BUY_USD
2014-07-02,0.7155235767364503,SYSTEMIC_STRESS,1,BUY_USD
2014-07-03,0.7019838809967041,SYSTEMIC_STRESS,1,BUY_USD
2014-07-04,0.7444282054901123,SYSTEMIC_STRESS,1,BUY_USD
2014-07-07,0.7302672863006592,SYSTEMIC_STRESS,1,BUY_USD
2014-07-08,0.7205987930297852,SYSTEMIC_STRESS,1,BUY_USD
2014-07-09,0.7701447276229199,SYSTEMIC_STRESS,1,BUY_USD
2014-07-10,0.7961584759392064,SYSTEMIC_STRESS,1,BUY_USD
2014-07-11,0.7920354530172282,SYSTEMIC_STRESS,1,BUY_USD
2014-07-14,0.7762774176342226,SYSTEMIC_STRESS,1,BUY_USD
2014-07-15,0.826435090329455,SYSTEMIC_STRESS,1,BUY_USD
2014-07-16,0.7870520756726586,SYSTEMIC_STRESS,1,BUY_USD
2014-07-17,0.807205533328649,SYSTEMIC_STRESS,1,BUY_USD
2014-07-18,0.7568148330551387,SYSTEMIC_STRESS,1,BUY_USD
2014-07-21,0.7699059885643056,SYSTEMIC_STRESS,1,BUY_USD
2014-07-22,0.8076473611090532,SYSTEMIC_STRESS,1,BUY_USD
2014-07-23,0.7870770345237479,SYSTEMIC_STRESS,1,BUY_USD
2014-07-24,0.8034443239106476,SYSTEMIC_STRESS,1,BUY_USD
2014-07-25,0.8425785680467718,SYSTEMIC_STRESS,1,BUY_USD
2014-07-28,0.8462047271395184,SYSTEMIC_STRESS,1,BUY_USD
2014-07-29,0.8803086365123753,SYSTEMIC_STRESS,1,BUY_USD
2014-07-30,0.8723361550817086,SYSTEMIC_STRESS,1,BUY_USD
2014-07-31,0.881252726902799,SYSTEMIC_STRESS,1,BUY_USD
2014-08-01,0.8550021812392476,SYSTEMIC_STRESS,1,BUY_USD
2014-08-04,0.8124353745702411,SYSTEMIC_STRESS,1,BUY_USD
2014-08-05,0.829200085582302,SYSTEMIC_STRESS,1,BUY_USD
2014-08-06,0.851747492418172,SYSTEMIC_STRESS,1,BUY_USD
2014-08-07,0.8346769636353139,SYSTEMIC_STRESS,1,BUY_USD
2014-08-08,0.8554805444834784,SYSTEMIC_STRESS,1,BUY_USD
2014-08-11,0.8582622537649737,SYSTEMIC_STRESS,1,BUY_USD
2014-08-12,0.863255927956904,SYSTEMIC_STRESS,1,BUY_USD
2014-08-13,0.8721662590238242,SYSTEMIC_STRESS,1,BUY_USD
2014-08-14,0.899909082005264,SYSTEMIC_STRESS,1,BUY_USD
2014-08-15,0.9097986540648121,SYSTEMIC_STRESS,1,BUY_USD
2014-08-18,0.8581223527764441,SYSTEMIC_STRESS,1,BUY_USD
2014-08-19,0.8564158477228497,SYSTEMIC_STRESS,1,BUY_USD
2014-08-20,0.8546397026878951,SYSTEMIC_STRESS,1,BUY_USD
2014-08-21,0.8600165578284327,SYSTEMIC_STRESS,1,BUY_USD
2014-08-22,0.845276904756928,SYSTEMIC_STRESS,1,BUY_USD
2014-08-25,0.7989480638484892,SYSTEMIC_STRESS,1,BUY_USD
2014-08-26,0.8311538424564154,SYSTEMIC_STRESS,1,BUY_USD
2014-08-27,0.8510413617731216,SYSTEMIC_STRESS,1,BUY_USD
2014-08-28,0.8896893508900228,SYSTEMIC_STRESS,1,BUY_USD
2014-08-29,0.8559680804502484,SYSTEMIC_STRESS,1,BUY_USD
2014-09-01,0.8838248290155064,SYSTEMIC_STRESS,1,BUY_USD
2014-09-02,0.8949573257348818,SYSTEMIC_STRESS,1,BUY_USD
2014-09-03,0.8787018880298898,SYSTEMIC_STRESS,1,BUY_USD
2014-09-04,0.9110896023620263,SYSTEMIC_STRESS,1,BUY_USD
2014-09-05,0.8589138475816582,SYSTEMIC_STRESS,1,BUY_USD
2014-09-08,0.9251556881321087,SYSTEMIC_STRESS,1,BUY_USD
2014-09-09,0.8925358034030686,SYSTEMIC_STRESS,1,BUY_USD
2014-09-10,0.8904459936224787,SYSTEMIC_STRESS,1,BUY_USD
2014-09-11,0.9046509058207142,SYSTEMIC_STRESS,1,BUY_USD
2014-09-12,0.9188819849021657,SYSTEMIC_STRESS,1,BUY_USD
2014-09-15,0.8737701602440318,SYSTEMIC_STRESS,1,BUY_USD
2014-09-16,0.8396944551992458,SYSTEMIC_STRESS,1,BUY_USD
2014-09-17,0.8848746509680705,SYSTEMIC_STRESS,1,BUY_USD
2014-09-18,0.8561103427327982,SYSTEMIC_STRESS,1,BUY_USD
2014-09-19,0.8936201185025643,SYSTEMIC_STRESS,1,BUY_USD
2014-09-22,0.8862607999293874,SYSTEMIC_STRESS,1,BUY_USD
2014-09-23,0.8621444888241379,SYSTEMIC_STRESS,1,BUY_USD
2014-09-24,0.8422361270649421,SYSTEMIC_STRESS,1,BUY_USD
2014-09-25,0.8937695502270067,SYSTEMIC_STRESS,1,BUY_USD
2014-09-26,0.8659616523765276,SYSTEMIC_STRESS,1,BUY_USD
2014-09-29,0.8902312253550175,SYSTEMIC_STRESS,1,BUY_USD
2014-09-30,0.8836339061683891,SYSTEMIC_STRESS,1,BUY_USD
2014-10-01,0.8923425509172205,SYSTEMIC_STRESS,1,BUY_USD
2014-10-02,0.8832107051904183,SYSTEMIC_STRESS,1,BUY_USD
2014-10-03,0.9259757888827009,SYSTEMIC_STRESS,1,BUY_USD
2014-10-06,0.8828729784197724,SYSTEMIC_STRESS,1,BUY_USD
2014-10-07,0.8865805829620663,SYSTEMIC_STRESS,1,BUY_USD
2014-10-08,0.8794810810447999,SYSTEMIC_STRESS,1,BUY_USD
2014-10-09,0.8977380788260292,SYSTEMIC_STRESS,1,BUY_USD
2014-10-10,0.9060590630749941,SYSTEMIC_STRESS,1,BUY_USD
2014-10-13,0.8908359858274711,SYSTEMIC_STRESS,1,BUY_USD
2014-10-14,0.9055480959987253,SYSTEMIC_STRESS,1,BUY_USD
2014-10-15,0.9224417319480691,SYSTEMIC_STRESS,1,BUY_USD
2014-10-16,0.9350136568228637,SYSTEMIC_STRESS,1,BUY_USD
2014-10-17,0.8898988329021462,SYSTEMIC_STRESS,1,BUY_USD
2014-10-20,0.8948307719266817,SYSTEMIC_STRESS,1,BUY_USD
2014-10-21,0.8967056779474328,SYSTEMIC_STRESS,1,BUY_USD
2014-10-22,0.9083182370379038,SYSTEMIC_STRESS,1,BUY_USD
2014-10-23,0.901665845531785,SYSTEMIC_STRESS,1,BUY_USD
2014-10-24,0.8960655935393443,SYSTEMIC_STRESS,1,BUY_USD
2014-10-27,0.8917850093041257,SYSTEMIC_STRESS,1,BUY_USD
2014-10-28,0.8800194099453396,SYSTEMIC_STRESS,1,BUY_USD
2014-10-29,0.9096775494200611,SYSTEMIC_STRESS,1,BUY_USD
2014-10-30,0.9193297597966562,SYSTEMIC_STRESS,1,BUY_USD
2014-10-31,0.9125542834082236,SYSTEMIC_STRESS,1,BUY_USD
2014-11-03,0.8879909498906788,SYSTEMIC_STRESS,1,BUY_USD
2014-11-04,0.8965340459397213,SYSTEMIC_STRESS,1,BUY_USD
2014-11-05,0.8995612567947923,SYSTEMIC_STRESS,1,BUY_USD
2014-11-06,0.8966069082432021,SYSTEMIC_STRESS,1,BUY_USD
2014-11-07,0.826361132859243,SYSTEMIC_STRESS,1,BUY_USD
2014-11-10,0.9190056095117264,SYSTEMIC_STRESS,1,BUY_USD
2014-11-11,0.9460334114198885,SYSTEMIC_STRESS,1,BUY_USD
2014-11-12,0.9010318324786756,SYSTEMIC_STRESS,1,BUY_USD
2014-11-13,0.9322553189097681,SYSTEMIC_STRESS,1,BUY_USD
2014-11-14,0.8747379886073012,SYSTEMIC_STRESS,1,BUY_USD
2014-11-17,0.9157842903341453,SYSTEMIC_STRESS,1,BUY_USD
2014-11-18,0.8854633240183408,SYSTEMIC_STRESS,1,BUY_USD
2014-11-19,0.9005973523697552,SYSTEMIC_STRESS,1,BUY_USD
2014-11-20,0.8947008884425428,SYSTEMIC_STRESS,1,BUY_USD
2014-11-21,0.8732229837571551,SYSTEMIC_STRESS,1,BUY_USD
2014-11-24,0.9332231475094632,SYSTEMIC_STRESS,1,BUY_USD
2014-11-25,0.9136764724705189,SYSTEMIC_STRESS,1,BUY_USD
2014-11-26,0.8892937663383383,SYSTEMIC_STRESS,1,BUY_USD
2014-11-27,0.9011608379537333,SYSTEMIC_STRESS,1,BUY_USD
2014-11-28,0.8775345245686259,SYSTEMIC_STRESS,1,BUY_USD
2014-12-01,0.8632065830436599,SYSTEMIC_STRESS,1,BUY_USD
2014-12-02,0.8151798117488083,SYSTEMIC_STRESS,1,BUY_USD
2014-12-03,0.8295772906712844,SYSTEMIC_STRESS,1,BUY_USD
2014-12-04,0.8456155707112032,SYSTEMIC_STRESS,1,BUY_USD
2014-12-05,0.904304189158354,SYSTEMIC_STRESS,1,BUY_USD
2014-12-08,0.8569256645511782,SYSTEMIC_STRESS,1,BUY_USD
2014-12-09,0.8611591574976766,SYSTEMIC_STRESS,1,BUY_USD
2014-12-10,0.587506765577275,SYSTEMIC_STRESS,1,BUY_USD
2014-12-11,0.5065002481241352,SYSTEMIC_STRESS,1,HOLD
2014-12-12,0.5193728006783886,SYSTEMIC_STRESS,1,HOLD
2014-12-15,0.5366762336842589,SYSTEMIC_STRESS,1,HOLD
2014-12-16,0.5005072526859027,SYSTEMIC_STRESS,1,HOLD
2014-12-17,0.4512316575632978,SYSTEMIC_STRESS,0,HOLD
2014-12-18,0.41121929296954673,SYSTEMIC_STRESS,0,SELL_USD
2014-12-19,0.5236315681026783,SYSTEMIC_STRESS,1,HOLD
2014-12-22,0.5993101684159806,SYSTEMIC_STRESS,1,BUY_USD
2014-12-23,0.6345174409546828,SYSTEMIC_STRESS,1,BUY_USD
2014-12-24,0.5790528026960824,SYSTEMIC_STRESS,1,BUY_USD
2014-12-25,0.5529388319114743,SYSTEMIC_STRESS,1,BUY_USD
2014-12-26,0.5296024523935866,SYSTEMIC_STRESS,1,HOLD
2014-12-29,0.5729486421643534,SYSTEMIC_STRESS,1,BUY_USD
2014-12-30,0.467241676564794,SYSTEMIC_STRESS,0,HOLD
2014-12-31,0.5308422665860284,SYSTEMIC_STRESS,1,HOLD
2015-01-01,0.5163347115182756,SYSTEMIC_STRESS,1,HOLD
2015-01-02,0.5449059768019819,SYSTEMIC_STRESS,1,BUY_USD
2015-01-05,0.48736369702577303,SYSTEMIC_STRESS,0,HOLD
2015-01-06,0.45459922259984,SYSTEMIC_STRESS,0,HOLD
2015-01-07,0.3962335386703227,SYSTEMIC_STRESS,0,SELL_USD
2015-01-08,0.3925126485075675,SYSTEMIC_STRESS,0,SELL_USD
2015-01-09,0.5137475368185174,SYSTEMIC_STRESS,1,HOLD
2015-01-12,0.46019055952139765,SYSTEMIC_STRESS,0,HOLD
2015-01-13,0.423140493103344,SYSTEMIC_STRESS,0,SELL_USD
2015-01-14,0.5083907667559994,SYSTEMIC_STRESS,1,HOLD
2015-01-15,0.43388584218243337,SYSTEMIC_STRESS,0,SELL_USD
2015-01-16,0.4341663070262018,SYSTEMIC_STRESS,0,SELL_USD
2015-01-19,0.4476636211575731,SYSTEMIC_STRESS,0,HOLD
2015-01-20,0.4575049206126166,SYSTEMIC_STRESS,0,HOLD
2015-01-21,0.40144414515410964,SYSTEMIC_STRESS,0,SELL_USD
2015-01-22,0.3918476971823963,SYSTEMIC_STRESS,0,SELL_USD
2015-01-23,0.49800236483806865,SYSTEMIC_STRESS,0,HOLD
2015-01-26,0.4489114144178846,SYSTEMIC_STRESS,0,HOLD
2015-01-27,0.5708660326613099,SYSTEMIC_STRESS,1,BUY_USD
2015-01-28,0.564043789343318,SYSTEMIC_STRESS,1,BUY_USD
2015-01-29,0.5375487460697429,SYSTEMIC_STRESS,1,HOLD
2015-01-30,0.5063233295447274,SYSTEMIC_STRESS,1,HOLD
2015-02-02,0.5288966098703056,SYSTEMIC_STRESS,1,HOLD
2015-02-03,0.5469512652872766,SYSTEMIC_STRESS,1,BUY_USD
2015-02-04,0.6975908677441514,SYSTEMIC_STRESS,1,BUY_USD
2015-02-05,0.6207958722370449,SYSTEMIC_STRESS,1,BUY_USD
2015-02-06,0.7187392951536006,SYSTEMIC_STRESS,1,BUY_USD
2015-02-09,0.6473925425731529,SYSTEMIC_STRESS,1,BUY_USD
2015-02-10,0.6541593146658489,SYSTEMIC_STRESS,1,BUY_USD
2015-02-11,0.6285266471167095,SYSTEMIC_STRESS,1,BUY_USD
2015-02-12,0.4230366354359175,SYSTEMIC_STRESS,0,SELL_USD
2015-02-13,0.5779536292762628,SYSTEMIC_STRESS,1,BUY_USD
2015-02-16,0.6445968369683273,SYSTEMIC_STRESS,1,BUY_USD
2015-02-17,0.708544032011987,SYSTEMIC_STRESS,1,BUY_USD
2015-02-18,0.6274111487131413,SYSTEMIC_STRESS,1,BUY_USD
2015-02-19,0.7109139389186365,SYSTEMIC_STRESS,1,BUY_USD
2015-02-20,0.6640681194093438,SYSTEMIC_STRESS,1,BUY_USD
2015-02-23,0.6514808814939161,SYSTEMIC_STRESS,1,BUY_USD
2015-02-24,0.5342154102361072,SYSTEMIC_STRESS,1,HOLD
2015-02-25,0.5570883268481037,SYSTEMIC_STRESS,1,BUY_USD
2015-02-26,0.4859044258440543,SYSTEMIC_STRESS,0,HOLD
2015-02-27,0.4964636265271624,SYSTEMIC_STRESS,0,HOLD
2015-03-02,0.5193465581937131,SYSTEMIC_STRESS,1,HOLD
2015-03-03,0.5650672726409772,SYSTEMIC_STRESS,1,BUY_USD
2015-03-04,0.5619026448812781,SYSTEMIC_STRESS,1,BUY_USD
2015-03-05,0.5708888714459084,SYSTEMIC_STRESS,1,BUY_USD
2015-03-06,0.5472024266996883,SYSTEMIC_STRESS,1,BUY_USD
2015-03-09,0.4959031420583153,SYSTEMIC_STRESS,0,HOLD
2015-03-10,0.41277564256400534,SYSTEMIC_STRESS,0,SELL_USD
2015-03-11,0.33089799745219195,SYSTEMIC_STRESS,0,SELL_USD
2015-03-12,0.34089451964236017,SYSTEMIC_STRESS,0,SELL_USD
2015-03-13,0.40085583431154503,SYSTEMIC_STRESS,0,SELL_USD
2015-03-16,0.3311699089843341,SYSTEMIC_STRESS,0,SELL_USD
2015-03-17,0.34574611193961374,SYSTEMIC_STRESS,0,SELL_USD
2015-03-18,0.3904990769778829,SYSTEMIC_STRESS,0,SELL_USD
2015-03-19,0.415727368273517,SYSTEMIC_STRESS,0,SELL_USD
2015-03-20,0.3781193350340274,SYSTEMIC_STRESS,0,SELL_USD
2015-03-23,0.541345286460508,SYSTEMIC_STRESS,1,BUY_USD
2015-03-24,0.5928756627492596,SYSTEMIC_STRESS,1,BUY_USD
2015-03-25,0.5773282749330285,SYSTEMIC_STRESS,1,BUY_USD
2015-03-26,0.5797713244605541,SYSTEMIC_STRESS,1,BUY_USD
2015-03-27,0.5101461346289101,SYSTEMIC_STRESS,1,HOLD
2015-03-30,0.4616227029593364,SYSTEMIC_STRESS,0,HOLD
2015-03-31,0.43497395047719745,SYSTEMIC_STRESS,0,SELL_USD
2015-04-01,0.3927490257393689,SYSTEMIC_STRESS,0,SELL_USD
2015-04-02,0.4987607273010912,SYSTEMIC_STRESS,0,HOLD
2015-04-03,0.5586090267379519,SYSTEMIC_STRESS,1,BUY_USD
2015-04-06,0.5340194692102762,SYSTEMIC_STRESS,1,HOLD
2015-04-07,0.6456296953347236,SYSTEMIC_STRESS,1,BUY_USD
2015-04-08,0.5621786677095876,SYSTEMIC_STRESS,1,BUY_USD
2015-04-09,0.403349009224091,SYSTEMIC_STRESS,0,SELL_USD
2015-04-10,0.3733923513378965,SYSTEMIC_STRESS,0,SELL_USD
2015-04-13,0.4366433828652305,SYSTEMIC_STRESS,0,SELL_USD
2015-04-14,0.38121880860809365,SYSTEMIC_STRESS,0,SELL_USD
2015-04-15,0.3917705572399575,SYSTEMIC_STRESS,0,SELL_USD
2015-04-16,0.5353106633877238,SYSTEMIC_STRESS,1,HOLD
2015-04-17,0.6531565808034208,SYSTEMIC_STRESS,1,BUY_USD
2015-04-20,0.7987944377437477,SYSTEMIC_STRESS,1,BUY_USD
2015-04-21,0.5443670748935088,SYSTEMIC_STRESS,1,BUY_USD
2015-04-22,0.5017269844946453,SYSTEMIC_STRESS,1,HOLD
2015-04-23,0.4230452912633442,SYSTEMIC_STRESS,0,SELL_USD
2015-04-24,0.48263853696755044,SYSTEMIC_STRESS,0,HOLD
2015-04-27,0.5332962628452048,SYSTEMIC_STRESS,1,HOLD
2015-04-28,0.6186234756953903,SYSTEMIC_STRESS,1,BUY_USD
2015-04-29,0.5857777145550642,SYSTEMIC_STRESS,1,BUY_USD
2015-04-30,0.5778494261860889,SYSTEMIC_STRESS,1,BUY_USD
2015-05-01,0.50416472706621,SYSTEMIC_STRESS,1,HOLD
2015-05-04,0.49528997057087704,SYSTEMIC_STRESS,0,HOLD
2015-05-05,0.6053493046157481,SYSTEMIC_STRESS,1,BUY_USD
2015-05-06,0.6366043881157122,SYSTEMIC_STRESS,1,BUY_USD
2015-05-07,0.5670740980433259,SYSTEMIC_STRESS,1,BUY_USD
2015-05-08,0.5683264187794058,SYSTEMIC_STRESS,1,BUY_USD
2015-05-11,0.5866530047769998,SYSTEMIC_STRESS,1,BUY_USD
2015-05-12,0.6385877342347714,SYSTEMIC_STRESS,1,BUY_USD
2015-05-13,0.5864859410306436,SYSTEMIC_STRESS,1,BUY_USD
2015-05-14,0.4367359048857164,SYSTEMIC_STRESS,0,SELL_USD
2015-05-15,0.47599482919857916,SYSTEMIC_STRESS,0,HOLD
2015-05-18,0.48435401841624093,SYSTEMIC_STRESS,0,HOLD
2015-05-19,0.4388171630760316,SYSTEMIC_STRESS,0,SELL_USD
2015-05-20,0.37153654481293913,SYSTEMIC_STRESS,0,SELL_USD
2015-05-21,0.47881582176317516,SYSTEMIC_STRESS,0,HOLD
2015-05-22,0.4714962631386292,SYSTEMIC_STRESS,0,HOLD
2015-05-25,0.4281449329814623,SYSTEMIC_STRESS,0,SELL_USD
2015-05-26,0.4402983046567362,SYSTEMIC_STRESS,0,HOLD
2015-05-27,0.38149255622222933,SYSTEMIC_STRESS,0,SELL_USD
2015-05-28,0.4619742976655819,SYSTEMIC_STRESS,0,HOLD
2015-05-29,0.6264459620236195,SYSTEMIC_STRESS,1,BUY_USD
2015-06-01,0.6072137614578509,SYSTEMIC_STRESS,1,BUY_USD
2015-06-02,0.46429376347654405,SYSTEMIC_STRESS,0,HOLD
2015-06-03,0.4791822047077081,SYSTEMIC_STRESS,0,HOLD
2015-06-04,0.43818964736065086,SYSTEMIC_STRESS,0,SELL_USD
2015-06-05,0.47359442596003815,SYSTEMIC_STRESS,0,HOLD
2015-06-08,0.39212952400606715,SYSTEMIC_STRESS,0,SELL_USD
2015-06-09,0.4853964276740669,SYSTEMIC_STRESS,0,HOLD
2015-06-10,0.4601089420538048,SYSTEMIC_STRESS,0,HOLD
2015-06-11,0.55492539936071,SYSTEMIC_STRESS,1,BUY_USD
2015-06-12,0.39399731748679,SYSTEMIC_STRESS,0,SELL_USD
2015-06-15,0.441433669935493,SYSTEMIC_STRESS,0,HOLD
2015-06-16,0.37919907800096814,SYSTEMIC_STRESS,0,SELL_USD
2015-06-17,0.3729697575246125,SYSTEMIC_STRESS,0,SELL_USD
2015-06-18,0.49656569473601403,SYSTEMIC_STRESS,0,HOLD
2015-06-19,0.6587102670118212,SYSTEMIC_STRESS,1,BUY_USD
2015-06-22,0.5790025416302258,SYSTEMIC_STRESS,1,BUY_USD
2015-06-23,0.6579293259136898,SYSTEMIC_STRESS,1,BUY_USD
2015-06-24,0.6298114317796253,SYSTEMIC_STRESS,1,BUY_USD
2015-06-25,0.6194309494667947,SYSTEMIC_STRESS,1,BUY_USD
2015-06-26,0.6182138231107731,SYSTEMIC_STRESS,1,BUY_USD
2015-06-29,0.5029652431149474,SYSTEMIC_STRESS,1,HOLD
2015-06-30,0.5133520520117929,SYSTEMIC_STRESS,1,HOLD
2015-07-01,0.5075135909269461,SYSTEMIC_STRESS,1,HOLD
2015-07-02,0.48223984021393057,SYSTEMIC_STRESS,0,HOLD
2015-07-03,0.48545688893676786,SYSTEMIC_STRESS,0,HOLD
2015-07-06,0.5214540185490559,SYSTEMIC_STRESS,1,HOLD
2015-07-07,0.4952732432031956,SYSTEMIC_STRESS,0,HOLD
2015-07-08,0.45376542767175604,SYSTEMIC_STRESS,0,HOLD
2015-07-09,0.41121604067311535,SYSTEMIC_STRESS,0,SELL_USD
2015-07-10,0.4191333129972644,SYSTEMIC_STRESS,0,SELL_USD
2015-07-13,0.39674329637843675,SYSTEMIC_STRESS,0,SELL_USD
2015-07-14,0.5249769857511218,SYSTEMIC_STRESS,1,HOLD
2015-07-15,0.6412869867944654,SYSTEMIC_STRESS,1,BUY_USD
2015-07-16,0.5747984502856498,SYSTEMIC_STRESS,1,BUY_USD
2015-07-17,0.5269454367356735,SYSTEMIC_STRESS,1,HOLD
2015-07-20,0.5075886239039242,SYSTEMIC_STRESS,1,HOLD
2015-07-21,0.47311107024937343,SYSTEMIC_STRESS,0,HOLD
2015-07-22,0.5117086987009782,SYSTEMIC_STRESS,1,HOLD
2015-07-23,0.5177388833742389,SYSTEMIC_STRESS,1,HOLD
2015-07-24,0.43974489021482066,SYSTEMIC_STRESS,0,SELL_USD
2015-07-27,0.44574558658805735,SYSTEMIC_STRESS,0,HOLD
2015-07-28,0.3812683781513036,SYSTEMIC_STRESS,0,SELL_USD
2015-07-29,0.377825496914321,SYSTEMIC_STRESS,0,SELL_USD
2015-07-30,0.44068548104814403,SYSTEMIC_STRESS,0,HOLD
2015-07-31,0.3735297434073794,SYSTEMIC_STRESS,0,SELL_USD
2015-08-03,0.42319626915870245,SYSTEMIC_STRESS,0,SELL_USD
2015-08-04,0.34174184565429266,SYSTEMIC_STRESS,0,SELL_USD
2015-08-05,0.37753313016690215,SYSTEMIC_STRESS,0,SELL_USD
2015-08-06,0.40190041365655327,SYSTEMIC_STRESS,0,SELL_USD
2015-08-07,0.3979169405289707,SYSTEMIC_STRESS,0,SELL_USD
2015-08-10,0.3989292325833386,SYSTEMIC_STRESS,0,SELL_USD
2015-08-11,0.5348393393294449,SYSTEMIC_STRESS,1,HOLD
2015-08-12,0.4239156475119822,SYSTEMIC_STRESS,0,SELL_USD
2015-08-13,0.4353077646658223,SYSTEMIC_STRESS,0,SELL_USD
2015-08-14,0.3858851512952872,SYSTEMIC_STRESS,0,SELL_USD
2015-08-17,0.42406182846081975,SYSTEMIC_STRESS,0,SELL_USD
2015-08-18,0.44266143333506075,SYSTEMIC_STRESS,0,HOLD
2015-08-19,0.44651584574996794,SYSTEMIC_STRESS,0,HOLD
2015-08-20,0.4723668928453241,SYSTEMIC_STRESS,0,HOLD
2015-08-21,0.5033733245145948,SYSTEMIC_STRESS,1,HOLD
2015-08-24,0.5111947944023538,SYSTEMIC_STRESS,1,HOLD
2015-08-25,0.45187404409543774,SYSTEMIC_STRESS,0,HOLD
2015-08-26,0.4484928668793781,SYSTEMIC_STRESS,0,HOLD
2015-08-27,0.45885182068251207,SYSTEMIC_STRESS,0,HOLD
2015-08-28,0.5585701268821077,SYSTEMIC_STRESS,1,BUY_USD
2015-08-31,0.6102896471291582,SYSTEMIC_STRESS,1,BUY_USD
2015-09-01,0.6946865284608079,SYSTEMIC_STRESS,1,BUY_USD
2015-09-02,0.5427202488260443,SYSTEMIC_STRESS,1,BUY_USD
2015-09-03,0.5623642756359547,SYSTEMIC_STRESS,1,BUY_USD
2015-09-04,0.8314111897021672,SYSTEMIC_STRESS,1,BUY_USD
2015-09-07,0.7569066530930824,SYSTEMIC_STRESS,1,BUY_USD
2015-09-08,0.616272170401907,SYSTEMIC_STRESS,1,BUY_USD
2015-09-09,0.6915594621189651,SYSTEMIC_STRESS,1,BUY_USD
2015-09-10,0.690556668791728,SYSTEMIC_STRESS,1,BUY_USD
2015-09-11,0.7156086145828968,SYSTEMIC_STRESS,1,BUY_USD
2015-09-14,0.7628113598951742,SYSTEMIC_STRESS,1,BUY_USD
2015-09-15,0.7065113666102592,SYSTEMIC_STRESS,1,BUY_USD
2015-09-16,0.7132758053045318,SYSTEMIC_STRESS,1,BUY_USD
2015-09-17,0.8679876340187787,SYSTEMIC_STRESS,1,BUY_USD
2015-09-18,0.855725453340083,SYSTEMIC_STRESS,1,BUY_USD
2015-09-21,0.84941866642176,SYSTEMIC_STRESS,1,BUY_USD
2015-09-22,0.8326464031424885,SYSTEMIC_STRESS,1,BUY_USD
2015-09-23,0.6092013444732381,SYSTEMIC_STRESS,1,BUY_USD
2015-09-24,0.5378276733685243,SYSTEMIC_STRESS,1,HOLD
2015-09-25,0.6073734878539265,SYSTEMIC_STRESS,1,BUY_USD
2015-09-28,0.5397371789257214,SYSTEMIC_STRESS,1,HOLD
2015-09-29,0.4214761931982256,SYSTEMIC_STRESS,0,SELL_USD
2015-09-30,0.40203533810391795,SYSTEMIC_STRESS,0,SELL_USD
2015-10-01,0.5348195017220845,SYSTEMIC_STRESS,1,HOLD
2015-10-02,0.3995607774597239,SYSTEMIC_STRESS,0,SELL_USD
2015-10-05,0.4238046094964002,SYSTEMIC_STRESS,0,SELL_USD
2015-10-06,0.8182960711248608,SYSTEMIC_STRESS,1,BUY_USD
2015-10-07,0.8237451806388609,SYSTEMIC_STRESS,1,BUY_USD
2015-10-08,0.8247976775575171,SYSTEMIC_STRESS,1,BUY_USD
2015-10-09,0.8238669676793788,SYSTEMIC_STRESS,1,BUY_USD
2015-10-12,0.7969013883964784,SYSTEMIC_STRESS,1,BUY_USD
2015-10-13,0.771909291755994,SYSTEMIC_STRESS,1,BUY_USD
2015-10-14,0.6606728269792005,SYSTEMIC_STRESS,1,BUY_USD
2015-10-15,0.6202981547946439,SYSTEMIC_STRESS,1,BUY_USD
2015-10-16,0.7397272207215644,SYSTEMIC_STRESS,1,BUY_USD
2015-10-19,0.8183478742322416,SYSTEMIC_STRESS,1,BUY_USD
2015-10-20,0.6049509356252,SYSTEMIC_STRESS,1,BUY_USD
2015-10-21,0.5280137258822375,SYSTEMIC_STRESS,1,HOLD
2015-10-22,0.3876422916658677,SYSTEMIC_STRESS,0,SELL_USD
2015-10-23,0.4062506666803372,SYSTEMIC_STRESS,0,SELL_USD
2015-10-26,0.35393698688896263,SYSTEMIC_STRESS,0,SELL_USD
2015-10-27,0.35831158018031395,SYSTEMIC_STRESS,0,SELL_USD
2015-10-28,0.3427763422514447,SYSTEMIC_STRESS,0,SELL_USD
2015-10-29,0.504109662635294,SYSTEMIC_STRESS,1,HOLD
2015-10-30,0.3797758468055249,SYSTEMIC_STRESS,0,SELL_USD
2015-11-02,0.3457392837884911,SYSTEMIC_STRESS,0,SELL_USD
2015-11-03,0.3869042248191686,SYSTEMIC_STRESS,0,SELL_USD
2015-11-04,0.3409481495651049,SYSTEMIC_STRESS,0,SELL_USD
2015-11-05,0.3424625307977416,SYSTEMIC_STRESS,0,SELL_USD
2015-11-06,0.2759182170274266,SYSTEMIC_STRESS,0,SELL_USD
2015-11-09,0.2557402803818331,SYSTEMIC_STRESS,0,SELL_USD
2015-11-10,0.27574083387990866,SYSTEMIC_STRESS,0,SELL_USD
2015-11-11,0.24668003286988596,SYSTEMIC_STRESS,0,SELL_USD
2015-11-12,0.25986479949418234,SYSTEMIC_STRESS,0,SELL_USD
2015-11-13,0.25847822017956307,SYSTEMIC_STRESS,0,SELL_USD
2015-11-16,0.24628287531659124,SYSTEMIC_STRESS,0,SELL_USD
2015-11-17,0.25789746612672043,SYSTEMIC_STRESS,0,SELL_USD
2015-11-18,0.2531248471245362,SYSTEMIC_STRESS,0,SELL_USD
2015-11-19,0.2510416618510203,SYSTEMIC_STRESS,0,SELL_USD
2015-11-20,0.2850182835677588,SYSTEMIC_STRESS,0,SELL_USD
2015-11-23,0.3121192039181498,SYSTEMIC_STRESS,0,SELL_USD
2015-11-24,0.2690487831947668,SYSTEMIC_STRESS,0,SELL_USD
2015-11-25,0.3134916633050749,SYSTEMIC_STRESS,0,SELL_USD
2015-11-26,0.2843722526091895,SYSTEMIC_STRESS,0,SELL_USD
2015-11-27,0.3279375642879524,SYSTEMIC_STRESS,0,SELL_USD
2015-11-30,0.24645266661727963,SYSTEMIC_STRESS,0,SELL_USD
2015-12-01,0.2825588958609232,SYSTEMIC_STRESS,0,SELL_USD
2015-12-02,0.3249096732852967,SYSTEMIC_STRESS,0,SELL_USD
2015-12-03,0.4580787986409084,SYSTEMIC_STRESS,0,HOLD
2015-12-04,0.4262500718203126,SYSTEMIC_STRESS,0,SELL_USD
2015-12-07,0.4288994041425688,SYSTEMIC_STRESS,0,SELL_USD
2015-12-08,0.3974029178435795,SYSTEMIC_STRESS,0,SELL_USD
2015-12-09,0.5353011388067188,SYSTEMIC_STRESS,1,HOLD
2015-12-10,0.5282680897613427,SYSTEMIC_STRESS,1,HOLD
2015-12-11,0.39176188679414203,SYSTEMIC_STRESS,0,SELL_USD
2015-12-14,0.3535938015632988,SYSTEMIC_STRESS,0,SELL_USD
2015-12-15,0.32611912365636375,SYSTEMIC_STRESS,0,SELL_USD
2015-12-16,0.39675930700460715,SYSTEMIC_STRESS,0,SELL_USD
2015-12-17,0.313114927574938,SYSTEMIC_STRESS,0,SELL_USD
2015-12-18,0.3743148220642437,SYSTEMIC_STRESS,0,SELL_USD
2015-12-21,0.5130614612250008,SYSTEMIC_STRESS,1,HOLD
2015-12-22,0.6142119130690211,SYSTEMIC_STRESS,1,BUY_USD
2015-12-23,0.5212872374828664,SYSTEMIC_STRESS,1,HOLD
2015-12-24,0.6490394556980037,SYSTEMIC_STRESS,1,BUY_USD
2015-12-25,0.5755508552126989,SYSTEMIC_STRESS,1,BUY_USD
2015-12-28,0.665746425246542,SYSTEMIC_STRESS,1,BUY_USD
2015-12-29,0.47776536269997183,SYSTEMIC_STRESS,0,HOLD
2015-12-30,0.442474134055909,SYSTEMIC_STRESS,0,HOLD
2015-12-31,0.38979839502359714,SYSTEMIC_STRESS,0,SELL_USD
2016-01-01,0.3287609097133112,SYSTEMIC_STRESS,0,SELL_USD
2016-01-04,0.38509828584656813,SYSTEMIC_STRESS,0,SELL_USD
2016-01-05,0.3089487177428513,SYSTEMIC_STRESS,0,SELL_USD
2016-01-06,0.3444082178851306,SYSTEMIC_STRESS,0,SELL_USD
2016-01-07,0.5050985729065814,SYSTEMIC_STRESS,1,HOLD
2016-01-08,0.387048847138054,SYSTEMIC_STRESS,0,SELL_USD
2016-01-11,0.36637055710759503,SYSTEMIC_STRESS,0,SELL_USD
2016-01-12,0.38907643355929467,SYSTEMIC_STRESS,0,SELL_USD
2016-01-13,0.44542113576559,SYSTEMIC_STRESS,0,HOLD
2016-01-14,0.3702242364124284,SYSTEMIC_STRESS,0,SELL_USD
2016-01-15,0.5181864230572655,SYSTEMIC_STRESS,1,HOLD
2016-01-18,0.3815427846905547,SYSTEMIC_STRESS,0,SELL_USD
2016-01-19,0.3945998118123162,SYSTEMIC_STRESS,0,SELL_USD
2016-01-20,0.3948075167519872,SYSTEMIC_STRESS,0,SELL_USD
2016-01-21,0.3722121471995301,SYSTEMIC_STRESS,0,SELL_USD
2016-01-22,0.4366842569452463,SYSTEMIC_STRESS,0,SELL_USD
2016-01-25,0.6276028223739397,SYSTEMIC_STRESS,1,BUY_USD
2016-01-26,0.48895795615049653,SYSTEMIC_STRESS,0,HOLD
2016-01-27,0.6110893692159782,SYSTEMIC_STRESS,1,BUY_USD
2016-01-28,0.531496715575232,SYSTEMIC_STRESS,1,HOLD
2016-01-29,0.6501209493925322,SYSTEMIC_STRESS,1,BUY_USD
2016-02-01,0.658099703206604,SYSTEMIC_STRESS,1,BUY_USD
2016-02-02,0.6433983450969916,SYSTEMIC_STRESS,1,BUY_USD
2016-02-03,0.6796836679275847,SYSTEMIC_STRESS,1,BUY_USD
2016-02-04,0.7021039503559322,SYSTEMIC_STRESS,1,BUY_USD
2016-02-05,0.758033643728577,SYSTEMIC_STRESS,1,BUY_USD
2016-02-08,0.7430001074742778,SYSTEMIC_STRESS,1,BUY_USD
2016-02-09,0.6330098154427914,SYSTEMIC_STRESS,1,BUY_USD
2016-02-10,0.5305187997486402,SYSTEMIC_STRESS,1,HOLD
2016-02-11,0.43190369555130936,SYSTEMIC_STRESS,0,SELL_USD
2016-02-12,0.3082879214074485,SYSTEMIC_STRESS,0,SELL_USD
2016-02-15,0.4830396205072782,SYSTEMIC_STRESS,0,HOLD
2016-02-16,0.42463298330006405,SYSTEMIC_STRESS,0,SELL_USD
2016-02-17,0.4840024413240646,SYSTEMIC_STRESS,0,HOLD
2016-02-18,0.6666731311570944,SYSTEMIC_STRESS,1,BUY_USD
2016-02-19,0.4625594394573261,SYSTEMIC_STRESS,0,HOLD
2016-02-22,0.45670964513829165,SYSTEMIC_STRESS,0,HOLD
2016-02-23,0.5513115022959749,SYSTEMIC_STRESS,1,BUY_USD
2016-02-24,0.4714013431943536,SYSTEMIC_STRESS,0,HOLD
2016-02-25,0.4814440568510077,SYSTEMIC_STRESS,0,HOLD
2016-02-26,0.411237659533367,SYSTEMIC_STRESS,0,SELL_USD
2016-02-29,0.3326584529051386,SYSTEMIC_STRESS,0,SELL_USD
2016-03-01,0.31825264272506526,SYSTEMIC_STRESS,0,SELL_USD
2016-03-02,0.5695000103666641,SYSTEMIC_STRESS,1,BUY_USD
2016-03-03,0.4518784767612686,SYSTEMIC_STRESS,0,HOLD
2016-03-04,0.6714197167829373,SYSTEMIC_STRESS,1,BUY_USD
2016-03-07,0.744838903803648,SYSTEMIC_STRESS,1,BUY_USD
2016-03-08,0.7096022186107224,SYSTEMIC_STRESS,1,BUY_USD
2016-03-09,0.6613062231462609,SYSTEMIC_STRESS,1,BUY_USD
2016-03-10,0.6588688547408523,SYSTEMIC_STRESS,1,BUY_USD
2016-03-11,0.6298438203849314,SYSTEMIC_STRESS,1,BUY_USD
2016-03-14,0.6806551728131014,SYSTEMIC_STRESS,1,BUY_USD
2016-03-15,0.6636068483667312,SYSTEMIC_STRESS,1,BUY_USD
2016-03-16,0.502939286292498,SYSTEMIC_STRESS,1,HOLD
2016-03-17,0.58669572244245,SYSTEMIC_STRESS,1,BUY_USD
2016-03-18,0.6174625986763396,SYSTEMIC_STRESS,1,BUY_USD
2016-03-21,0.6639730652618359,SYSTEMIC_STRESS,1,BUY_USD
2016-03-22,0.5963317066815748,SYSTEMIC_STRESS,1,BUY_USD
2016-03-23,0.6713399618763013,SYSTEMIC_STRESS,1,BUY_USD
2016-03-24,0.5933468549302732,SYSTEMIC_STRESS,1,BUY_USD
2016-03-25,0.6415049987534969,SYSTEMIC_STRESS,1,BUY_USD
2016-03-28,0.5912957013804659,SYSTEMIC_STRESS,1,BUY_USD
2016-03-29,0.6562756191346609,SYSTEMIC_STRESS,1,BUY_USD
2016-03-30,0.6995723501825756,SYSTEMIC_STRESS,1,BUY_USD
2016-03-31,0.867195016537304,SYSTEMIC_STRESS,1,BUY_USD
2016-04-01,0.8436720030085408,SYSTEMIC_STRESS,1,BUY_USD
2016-04-04,0.7825320672253103,SYSTEMIC_STRESS,1,BUY_USD
2016-04-05,0.7325207255808668,SYSTEMIC_STRESS,1,BUY_USD
2016-04-06,0.7137634119200759,SYSTEMIC_STRESS,1,BUY_USD
2016-04-07,0.8099762289613279,SYSTEMIC_STRESS,1,BUY_USD
2016-04-08,0.6921025457002128,SYSTEMIC_STRESS,1,BUY_USD
2016-04-11,0.4929251499056581,SYSTEMIC_STRESS,0,HOLD
2016-04-12,0.6049189806171946,SYSTEMIC_STRESS,1,BUY_USD
2016-04-13,0.6912049647602143,SYSTEMIC_STRESS,1,BUY_USD
2016-04-14,0.8056299776980578,SYSTEMIC_STRESS,1,BUY_USD
2016-04-15,0.7858917443979492,SYSTEMIC_STRESS,1,BUY_USD
2016-04-18,0.7332081964503104,SYSTEMIC_STRESS,1,BUY_USD
2016-04-19,0.7423843715853363,SYSTEMIC_STRESS,1,BUY_USD
2016-04-20,0.8059826740989944,SYSTEMIC_STRESS,1,BUY_USD
2016-04-21,0.8120520992973215,SYSTEMIC_STRESS,1,BUY_USD
2016-04-22,0.8192226407385115,SYSTEMIC_STRESS,1,BUY_USD
2016-04-25,0.7546230030033956,SYSTEMIC_STRESS,1,BUY_USD
2016-04-26,0.5830941429046967,SYSTEMIC_STRESS,1,BUY_USD
2016-04-27,0.5879512926755456,SYSTEMIC_STRESS,1,BUY_USD
2016-04-28,0.6721769929838539,SYSTEMIC_STRESS,1,BUY_USD
2016-04-29,0.5758346576299591,SYSTEMIC_STRESS,1,BUY_USD
2016-05-02,0.6651140067459269,SYSTEMIC_STRESS,1,BUY_USD
2016-05-03,0.6463956459614639,SYSTEMIC_STRESS,1,BUY_USD
2016-05-04,0.6814242218492059,SYSTEMIC_STRESS,1,BUY_USD
2016-05-05,0.47774666775859537,SYSTEMIC_STRESS,0,HOLD
2016-05-06,0.42572414249754587,SYSTEMIC_STRESS,0,SELL_USD
2016-05-09,0.6219258451322787,SYSTEMIC_STRESS,1,BUY_USD
2016-05-10,0.6323928972822968,SYSTEMIC_STRESS,1,BUY_USD
2016-05-11,0.6314890688417206,SYSTEMIC_STRESS,1,BUY_USD
2016-05-12,0.6699176758617428,SYSTEMIC_STRESS,1,BUY_USD
2016-05-13,0.6299071907879938,SYSTEMIC_STRESS,1,BUY_USD
2016-05-16,0.47855900487267183,SYSTEMIC_STRESS,0,HOLD
2016-05-17,0.6860288344390293,SYSTEMIC_STRESS,1,BUY_USD
2016-05-18,0.5790531161819333,SYSTEMIC_STRESS,1,BUY_USD
2016-05-19,0.5473586775391411,SYSTEMIC_STRESS,1,BUY_USD
2016-05-20,0.488857922574658,SYSTEMIC_STRESS,0,HOLD
2016-05-23,0.5411610815816033,SYSTEMIC_STRESS,1,BUY_USD
2016-05-24,0.459417325091151,SYSTEMIC_STRESS,0,HOLD
2016-05-25,0.46315691363592415,SYSTEMIC_STRESS,0,HOLD
2016-05-26,0.5700422179568057,SYSTEMIC_STRESS,1,BUY_USD
2016-05-27,0.6112420936132581,SYSTEMIC_STRESS,1,BUY_USD
2016-05-30,0.6557184050912729,SYSTEMIC_STRESS,1,BUY_USD
2016-05-31,0.6987900351374761,SYSTEMIC_STRESS,1,BUY_USD
2016-06-01,0.4780830599603019,SYSTEMIC_STRESS,0,HOLD
2016-06-02,0.49002337279010605,SYSTEMIC_STRESS,0,HOLD
2016-06-03,0.49518985696205864,SYSTEMIC_STRESS,0,HOLD
2016-06-06,0.6016393957612188,SYSTEMIC_STRESS,1,BUY_USD
2016-06-07,0.5780223618447632,SYSTEMIC_STRESS,1,BUY_USD
2016-06-08,0.6234261950847956,SYSTEMIC_STRESS,1,BUY_USD
2016-06-09,0.7416433276130305,SYSTEMIC_STRESS,1,BUY_USD
2016-06-10,0.7586816992305772,SYSTEMIC_STRESS,1,BUY_USD
2016-06-13,0.7296437585114226,SYSTEMIC_STRESS,1,BUY_USD
2016-06-14,0.6221420505860683,SYSTEMIC_STRESS,1,BUY_USD
2016-06-15,0.5663212283386139,SYSTEMIC_STRESS,1,BUY_USD
2016-06-16,0.7190790892218059,SYSTEMIC_STRESS,1,BUY_USD
2016-06-17,0.5362384551141105,SYSTEMIC_STRESS,1,HOLD
2016-06-20,0.5151836353099661,SYSTEMIC_STRESS,1,HOLD
2016-06-21,0.5076494431518959,SYSTEMIC_STRESS,1,HOLD
2016-06-22,0.6781109387998013,SYSTEMIC_STRESS,1,BUY_USD
2016-06-23,0.6500297782911482,SYSTEMIC_STRESS,1,BUY_USD
2016-06-24,0.8406152444522761,SYSTEMIC_STRESS,1,BUY_USD
2016-06-27,0.6839762090044075,SYSTEMIC_STRESS,1,BUY_USD
2016-06-28,0.5614933879082193,SYSTEMIC_STRESS,1,BUY_USD
2016-06-29,0.5409361034237599,SYSTEMIC_STRESS,1,BUY_USD
2016-06-30,0.665562016303566,SYSTEMIC_STRESS,1,BUY_USD
2016-07-01,0.5173893515763077,SYSTEMIC_STRESS,1,HOLD
2016-07-04,0.5203182791636624,SYSTEMIC_STRESS,1,HOLD
2016-07-05,0.6032666979288152,SYSTEMIC_STRESS,1,BUY_USD
2016-07-06,0.5857065740197576,SYSTEMIC_STRESS,1,BUY_USD
2016-07-07,0.4706012539772807,SYSTEMIC_STRESS,0,HOLD
2016-07-08,0.42463624233481456,SYSTEMIC_STRESS,0,SELL_USD
2016-07-11,0.38894696033977405,SYSTEMIC_STRESS,0,SELL_USD
2016-07-12,0.4099433820776699,SYSTEMIC_STRESS,0,SELL_USD
2016-07-13,0.531628235526791,SYSTEMIC_STRESS,1,HOLD
2016-07-14,0.5161452010181776,SYSTEMIC_STRESS,1,HOLD
2016-07-15,0.6271247199012813,SYSTEMIC_STRESS,1,BUY_USD
2016-07-18,0.5293791085753582,SYSTEMIC_STRESS,1,HOLD
2016-07-19,0.5848242011807023,SYSTEMIC_STRESS,1,BUY_USD
2016-07-20,0.5257895106080256,SYSTEMIC_STRESS,1,HOLD
2016-07-21,0.5719427754836599,SYSTEMIC_STRESS,1,BUY_USD
2016-07-22,0.4352374195328153,SYSTEMIC_STRESS,0,SELL_USD
2016-07-25,0.5373678541349948,SYSTEMIC_STRESS,1,HOLD
2016-07-26,0.44903663832308927,SYSTEMIC_STRESS,0,HOLD
2016-07-27,0.4405399340707842,SYSTEMIC_STRESS,0,HOLD
2016-07-28,0.42780292466298736,SYSTEMIC_STRESS,0,SELL_USD
2016-07-29,0.36343208170263985,SYSTEMIC_STRESS,0,SELL_USD
2016-08-01,0.4491776535666161,SYSTEMIC_STRESS,0,HOLD
2016-08-02,0.39652420976983105,SYSTEMIC_STRESS,0,SELL_USD
2016-08-03,0.41049774080109586,SYSTEMIC_STRESS,0,SELL_USD
2016-08-04,0.3600062565826072,SYSTEMIC_STRESS,0,SELL_USD
2016-08-05,0.39734628989037124,SYSTEMIC_STRESS,0,SELL_USD
2016-08-08,0.39713059708624887,SYSTEMIC_STRESS,0,SELL_USD
2016-08-09,0.43258077854626553,SYSTEMIC_STRESS,0,SELL_USD
2016-08-10,0.4132133947953418,SYSTEMIC_STRESS,0,SELL_USD
2016-08-11,0.5499693280692869,SYSTEMIC_STRESS,1,BUY_USD
2016-08-12,0.6936379814470595,SYSTEMIC_STRESS,1,BUY_USD
2016-08-15,0.6256740306296499,SYSTEMIC_STRESS,1,BUY_USD
2016-08-16,0.6575115553083253,SYSTEMIC_STRESS,1,BUY_USD
2016-08-17,0.5176794533879259,SYSTEMIC_STRESS,1,HOLD
2016-08-18,0.4578008898230522,SYSTEMIC_STRESS,0,HOLD
2016-08-19,0.5590422194332553,SYSTEMIC_STRESS,1,BUY_USD
2016-08-22,0.4967211124302103,SYSTEMIC_STRESS,0,HOLD
2016-08-23,0.4971110033191505,SYSTEMIC_STRESS,0,HOLD
2016-08-24,0.4229391299913337,SYSTEMIC_STRESS,0,SELL_USD
2016-08-25,0.45521290319181207,SYSTEMIC_STRESS,0,HOLD
2016-08-26,0.5083095165564426,SYSTEMIC_STRESS,1,HOLD
2016-08-29,0.4146335539013115,SYSTEMIC_STRESS,0,SELL_USD
2016-08-30,0.4651712655414243,SYSTEMIC_STRESS,0,HOLD
2016-08-31,0.5100410974474618,SYSTEMIC_STRESS,1,HOLD
2016-09-01,0.5825887578615366,SYSTEMIC_STRESS,1,BUY_USD
2016-09-02,0.4157213854976,SYSTEMIC_STRESS,0,SELL_USD
2016-09-05,0.4234639782478665,SYSTEMIC_STRESS,0,SELL_USD
2016-09-06,0.43084679773616064,SYSTEMIC_STRESS,0,SELL_USD
2016-09-07,0.7152281290295452,SYSTEMIC_STRESS,1,BUY_USD
2016-09-08,0.6347823925542633,SYSTEMIC_STRESS,1,BUY_USD
2016-09-09,0.5971919961207649,SYSTEMIC_STRESS,1,BUY_USD
2016-09-12,0.6296634305898593,SYSTEMIC_STRESS,1,BUY_USD
2016-09-13,0.4892507044076106,SYSTEMIC_STRESS,0,HOLD
2016-09-14,0.35689208822471996,SYSTEMIC_STRESS,0,SELL_USD
2016-09-15,0.35126271965804223,SYSTEMIC_STRESS,0,SELL_USD
2016-09-16,0.47774316490203694,SYSTEMIC_STRESS,0,HOLD
2016-09-19,0.414780914639428,SYSTEMIC_STRESS,0,SELL_USD
2016-09-20,0.37408782275004526,SYSTEMIC_STRESS,0,SELL_USD
2016-09-21,0.43029166312347333,SYSTEMIC_STRESS,0,SELL_USD
2016-09-22,0.48474692310200646,SYSTEMIC_STRESS,0,HOLD
2016-09-23,0.5976674267381774,SYSTEMIC_STRESS,1,BUY_USD
2016-09-26,0.47595533795398215,SYSTEMIC_STRESS,0,HOLD
2016-09-27,0.49027621340450844,SYSTEMIC_STRESS,0,HOLD
2016-09-28,0.44142343640367,SYSTEMIC_STRESS,0,HOLD
2016-09-29,0.5364041484422419,SYSTEMIC_STRESS,1,HOLD
2016-09-30,0.6479596031183602,SYSTEMIC_STRESS,1,BUY_USD
2016-10-03,0.5839876172933097,SYSTEMIC_STRESS,1,BUY_USD
2016-10-04,0.6586852668687765,SYSTEMIC_STRESS,1,BUY_USD
2016-10-05,0.5323387233245449,SYSTEMIC_STRESS,1,HOLD
2016-10-06,0.43567086020954354,SYSTEMIC_STRESS,0,SELL_USD
2016-10-07,0.40273201530419556,SYSTEMIC_STRESS,0,SELL_USD
2016-10-10,0.4268336091477567,SYSTEMIC_STRESS,0,SELL_USD
2016-10-11,0.6114297269195386,SYSTEMIC_STRESS,1,BUY_USD
2016-10-12,0.4286637516519234,SYSTEMIC_STRESS,0,SELL_USD
2016-10-13,0.525039277679022,SYSTEMIC_STRESS,1,HOLD
2016-10-14,0.39817512752405326,SYSTEMIC_STRESS,0,SELL_USD
2016-10-17,0.4638288221600251,SYSTEMIC_STRESS,0,HOLD
2016-10-18,0.3999382730561083,SYSTEMIC_STRESS,0,SELL_USD
2016-10-19,0.5380532320863175,SYSTEMIC_STRESS,1,HOLD
2016-10-20,0.530525869189186,SYSTEMIC_STRESS,1,HOLD
2016-10-21,0.4641691620803782,SYSTEMIC_STRESS,0,HOLD
2016-10-24,0.4087745404967511,SYSTEMIC_STRESS,0,SELL_USD
2016-10-25,0.4806130849246684,SYSTEMIC_STRESS,0,HOLD
2016-10-26,0.5968923016240795,SYSTEMIC_STRESS,1,BUY_USD
2016-10-27,0.6315750794690328,SYSTEMIC_STRESS,1,BUY_USD
2016-10-28,0.4884448096274903,SYSTEMIC_STRESS,0,HOLD
2016-10-31,0.3249717966873667,SYSTEMIC_STRESS,0,SELL_USD
2016-11-01,0.5349910279223398,SYSTEMIC_STRESS,1,HOLD
2016-11-02,0.5103776789266106,SYSTEMIC_STRESS,1,HOLD
2016-11-03,0.5628377236045466,SYSTEMIC_STRESS,1,BUY_USD
2016-11-04,0.4619909307829741,SYSTEMIC_STRESS,0,HOLD
2016-11-07,0.37766335826905756,SYSTEMIC_STRESS,0,SELL_USD
2016-11-08,0.4047331913218823,SYSTEMIC_STRESS,0,SELL_USD
2016-11-09,0.38990015702022307,SYSTEMIC_STRESS,0,SELL_USD
2016-11-10,0.34085973691946114,SYSTEMIC_STRESS,0,SELL_USD
2016-11-11,0.4206565505654834,SYSTEMIC_STRESS,0,SELL_USD
2016-11-14,0.3449106060941562,SYSTEMIC_STRESS,0,SELL_USD
2016-11-15,0.28428424577372235,SYSTEMIC_STRESS,0,SELL_USD
2016-11-16,0.32323832371287936,SYSTEMIC_STRESS,0,SELL_USD
2016-11-17,0.28877600729151975,SYSTEMIC_STRESS,0,SELL_USD
2016-11-18,0.3378965053029023,SYSTEMIC_STRESS,0,SELL_USD
2016-11-21,0.4070667590868892,SYSTEMIC_STRESS,0,SELL_USD
2016-11-22,0.5548548952286617,SYSTEMIC_STRESS,1,BUY_USD
2016-11-23,0.44287335079105394,SYSTEMIC_STRESS,0,HOLD
2016-11-24,0.4000428967822487,SYSTEMIC_STRESS,0,SELL_USD
2016-11-25,0.4763134676810267,SYSTEMIC_STRESS,0,HOLD
2016-11-28,0.37344617182029244,SYSTEMIC_STRESS,0,SELL_USD
2016-11-29,0.4857104984388389,SYSTEMIC_STRESS,0,HOLD
2016-11-30,0.45006989436221767,SYSTEMIC_STRESS,0,HOLD
2016-12-01,0.41358576638792355,SYSTEMIC_STRESS,0,SELL_USD
2016-12-02,0.4177721871392718,SYSTEMIC_STRESS,0,SELL_USD
2016-12-05,0.4444088053957541,SYSTEMIC_STRESS,0,HOLD
2016-12-06,0.4597618041584939,SYSTEMIC_STRESS,0,HOLD
2016-12-07,0.5282281644177744,SYSTEMIC_STRESS,1,HOLD
2016-12-08,0.6422850960479245,SYSTEMIC_STRESS,1,BUY_USD
2016-12-09,0.7509639239542845,SYSTEMIC_STRESS,1,BUY_USD
2016-12-12,0.6112552626274623,SYSTEMIC_STRESS,1,BUY_USD
2016-12-13,0.598948296184282,SYSTEMIC_STRESS,1,BUY_USD
2016-12-14,0.6677021129781182,SYSTEMIC_STRESS,1,BUY_USD
2016-12-15,0.5321431863230897,SYSTEMIC_STRESS,1,HOLD
2016-12-16,0.7213628941203901,SYSTEMIC_STRESS,1,BUY_USD
2016-12-19,0.5972393395886613,SYSTEMIC_STRESS,1,BUY_USD
2016-12-20,0.4775640877904152,SYSTEMIC_STRESS,0,HOLD
2016-12-21,0.6197352774517209,SYSTEMIC_STRESS,1,BUY_USD
2016-12-22,0.6445586204528808,SYSTEMIC_STRESS,1,BUY_USD
2016-12-23,0.4332735300064087,SYSTEMIC_STRESS,0,SELL_USD
2016-12-26,0.40243468284606937,SYSTEMIC_STRESS,0,SELL_USD
2016-12-27,0.4014693975448609,SYSTEMIC_STRESS,0,SELL_USD
2016-12-28,0.4316386461257935,SYSTEMIC_STRESS,0,SELL_USD
2016-12-29,0.4144734621047974,SYSTEMIC_STRESS,0,SELL_USD
2016-12-30,0.5290297985076904,SYSTEMIC_STRESS,1,HOLD
2017-01-02,0.4530986785888672,SYSTEMIC_STRESS,0,HOLD
2017-01-03,0.43526175022125246,SYSTEMIC_STRESS,0,SELL_USD
2017-01-04,0.4470561981201172,SYSTEMIC_STRESS,0,HOLD
2017-01-05,0.5177069902420044,SYSTEMIC_STRESS,1,HOLD
2017-01-06,0.5555389404296875,SYSTEMIC_STRESS,1,BUY_USD
2017-01-09,0.49672534465789797,SYSTEMIC_STRESS,0,HOLD
2017-01-10,0.37500660419464116,SYSTEMIC_STRESS,0,SELL_USD
2017-01-11,0.33268669843673704,SYSTEMIC_STRESS,0,SELL_USD
2017-01-12,0.3890957236289978,SYSTEMIC_STRESS,0,SELL_USD
2017-01-13,0.35146957635879517,SYSTEMIC_STRESS,0,SELL_USD
2017-01-16,0.33363418579101567,SYSTEMIC_STRESS,0,SELL_USD
2017-01-17,0.3553091883659363,SYSTEMIC_STRESS,0,SELL_USD
2017-01-18,0.3999976634979248,SYSTEMIC_STRESS,0,SELL_USD
2017-01-19,0.39654561281204226,SYSTEMIC_STRESS,0,SELL_USD
2017-01-20,0.25592947006225586,SYSTEMIC_STRESS,0,SELL_USD
2017-01-23,0.3049068093299866,SYSTEMIC_STRESS,0,SELL_USD
2017-01-24,0.3884685754776001,SYSTEMIC_STRESS,0,SELL_USD
2017-01-25,0.33425451517105104,SYSTEMIC_STRESS,0,SELL_USD
2017-01-26,0.31811391115188603,SYSTEMIC_STRESS,0,SELL_USD
2017-01-27,0.3842315554618836,SYSTEMIC_STRESS,0,SELL_USD
2017-01-30,0.3020626425743103,SYSTEMIC_STRESS,0,SELL_USD
2017-01-31,0.2875395715236664,SYSTEMIC_STRESS,0,SELL_USD
2017-02-01,0.32462573051452637,SYSTEMIC_STRESS,0,SELL_USD
2017-02-02,0.31929366588592534,SYSTEMIC_STRESS,0,SELL_USD
2017-02-03,0.32875412702560425,SYSTEMIC_STRESS,0,SELL_USD
2017-02-06,0.37413108348846436,SYSTEMIC_STRESS,0,SELL_USD
2017-02-07,0.3612887978553772,SYSTEMIC_STRESS,0,SELL_USD
2017-02-08,0.299463164806366,SYSTEMIC_STRESS,0,SELL_USD
2017-02-09,0.28838901519775395,SYSTEMIC_STRESS,0,SELL_USD
2017-02-10,0.32157784700393677,SYSTEMIC_STRESS,0,SELL_USD
2017-02-13,0.32884844541549685,SYSTEMIC_STRESS,0,SELL_USD
2017-02-14,0.33838819265365605,SYSTEMIC_STRESS,0,SELL_USD
2017-02-15,0.3172936081886292,SYSTEMIC_STRESS,0,SELL_USD
2017-02-16,0.33376598358154297,SYSTEMIC_STRESS,0,SELL_USD
2017-02-17,0.3297569990158081,SYSTEMIC_STRESS,0,SELL_USD
2017-02-20,0.27800306081771853,SYSTEMIC_STRESS,0,SELL_USD
2017-02-21,0.27688431143760683,SYSTEMIC_STRESS,0,SELL_USD
2017-02-22,0.29696113467216495,SYSTEMIC_STRESS,0,SELL_USD
2017-02-23,0.3303403615951538,SYSTEMIC_STRESS,0,SELL_USD
2017-02-24,0.2687200486660004,SYSTEMIC_STRESS,0,SELL_USD
2017-02-27,0.2716791212558747,SYSTEMIC_STRESS,0,SELL_USD
2017-02-28,0.26053392291069033,SYSTEMIC_STRESS,0,SELL_USD
2017-03-01,0.2587843656539917,SYSTEMIC_STRESS,0,SELL_USD
2017-03-02,0.271271961927414,SYSTEMIC_STRESS,0,SELL_USD
2017-03-03,0.2656470894813538,SYSTEMIC_STRESS,0,SELL_USD
2017-03-06,0.24965545535087585,SYSTEMIC_STRESS,0,SELL_USD
2017-03-07,0.2549663364887238,SYSTEMIC_STRESS,0,SELL_USD
2017-03-08,0.2713989555835724,SYSTEMIC_STRESS,0,SELL_USD
2017-03-09,0.2816842019557953,SYSTEMIC_STRESS,0,SELL_USD
2017-03-10,0.25797400474548343,SYSTEMIC_STRESS,0,SELL_USD
2017-03-13,0.24736645221710207,SYSTEMIC_STRESS,0,SELL_USD
2017-03-14,0.2631389617919922,SYSTEMIC_STRESS,0,SELL_USD
2017-03-15,0.25177890062332153,SYSTEMIC_STRESS,0,SELL_USD
2017-03-16,0.24428102374076843,SYSTEMIC_STRESS,0,SELL_USD
2017-03-17,0.3545073032379151,SYSTEMIC_STRESS,0,SELL_USD
2017-03-20,0.3040595293045044,SYSTEMIC_STRESS,0,SELL_USD
2017-03-21,0.3649027228355408,SYSTEMIC_STRESS,0,SELL_USD
2017-03-22,0.2968586706273647,SYSTEMIC_STRESS,0,SELL_USD
2017-03-23,0.28832496027675963,SYSTEMIC_STRESS,0,SELL_USD
2017-03-24,0.2779242347220477,SYSTEMIC_STRESS,0,SELL_USD
2017-03-27,0.32240416531071114,SYSTEMIC_STRESS,0,SELL_USD
2017-03-28,0.2754992597425461,SYSTEMIC_STRESS,0,SELL_USD
2017-03-29,0.27604197767057015,SYSTEMIC_STRESS,0,SELL_USD
2017-03-30,0.37336590873541964,SYSTEMIC_STRESS,0,SELL_USD
2017-03-31,0.28479998660522227,SYSTEMIC_STRESS,0,SELL_USD
2017-04-03,0.3208178516359342,SYSTEMIC_STRESS,0,SELL_USD
2017-04-04,0.3359016782924598,SYSTEMIC_STRESS,0,SELL_USD
2017-04-05,0.293670631659424,SYSTEMIC_STRESS,0,SELL_USD
2017-04-06,0.3065501898831024,SYSTEMIC_STRESS,0,SELL_USD
2017-04-07,0.34727935303116775,SYSTEMIC_STRESS,0,SELL_USD
2017-04-10,0.42969908695650866,SYSTEMIC_STRESS,0,SELL_USD
2017-04-11,0.5266297137439668,SYSTEMIC_STRESS,1,HOLD
2017-04-12,0.440042651015456,SYSTEMIC_STRESS,0,HOLD
2017-04-13,0.5056246007945655,SYSTEMIC_STRESS,1,HOLD
2017-04-14,0.45324216530899397,SYSTEMIC_STRESS,0,HOLD
2017-04-17,0.40314364807571074,SYSTEMIC_STRESS,0,SELL_USD
2017-04-18,0.4462276674136183,SYSTEMIC_STRESS,0,HOLD
2017-04-19,0.3970484640858723,SYSTEMIC_STRESS,0,SELL_USD
2017-04-20,0.3634525712894232,SYSTEMIC_STRESS,0,SELL_USD
2017-04-21,0.3295053708390011,SYSTEMIC_STRESS,0,SELL_USD
2017-04-24,0.3117497169546084,SYSTEMIC_STRESS,0,SELL_USD
2017-04-25,0.3132764391467705,SYSTEMIC_STRESS,0,SELL_USD
2017-04-26,0.433505989783075,SYSTEMIC_STRESS,0,SELL_USD
2017-04-27,0.38424691656026316,SYSTEMIC_STRESS,0,SELL_USD
2017-04-28,0.3273197113610711,SYSTEMIC_STRESS,0,SELL_USD
2017-05-01,0.3168257089158089,SYSTEMIC_STRESS,0,SELL_USD
2017-05-02,0.31444228764667903,SYSTEMIC_STRESS,0,SELL_USD
2017-05-03,0.35370712210733535,SYSTEMIC_STRESS,0,SELL_USD
2017-05-04,0.3478591550432047,SYSTEMIC_STRESS,0,SELL_USD
2017-05-05,0.32214648130490936,SYSTEMIC_STRESS,0,SELL_USD
2017-05-08,0.31192608026210816,SYSTEMIC_STRESS,0,SELL_USD
2017-05-09,0.3174045419382976,SYSTEMIC_STRESS,0,SELL_USD
2017-05-10,0.3139631102761772,SYSTEMIC_STRESS,0,SELL_USD
2017-05-11,0.313804815774727,SYSTEMIC_STRESS,0,SELL_USD
2017-05-12,0.3567565103412057,SYSTEMIC_STRESS,0,SELL_USD
2017-05-15,0.33940896138041776,SYSTEMIC_STRESS,0,SELL_USD
2017-05-16,0.4416813247263217,SYSTEMIC_STRESS,0,HOLD
2017-05-17,0.5531763487172283,SYSTEMIC_STRESS,1,BUY_USD
2017-05-18,0.6211802055295214,SYSTEMIC_STRESS,1,BUY_USD
2017-05-19,0.4067944088866142,SYSTEMIC_STRESS,0,SELL_USD
2017-05-22,0.43921015855549195,SYSTEMIC_STRESS,0,SELL_USD
2017-05-23,0.6132220388244501,SYSTEMIC_STRESS,1,BUY_USD
2017-05-24,0.6022130750135648,SYSTEMIC_STRESS,1,BUY_USD
2017-05-25,0.5508609227352474,SYSTEMIC_STRESS,1,BUY_USD
2017-05-26,0.7212663015236133,SYSTEMIC_STRESS,1,BUY_USD
2017-05-29,0.6188722441515568,SYSTEMIC_STRESS,1,BUY_USD
2017-05-30,0.808706859635639,SYSTEMIC_STRESS,1,BUY_USD
2017-05-31,0.6637477071706819,SYSTEMIC_STRESS,1,BUY_USD
2017-06-01,0.5721809123595349,SYSTEMIC_STRESS,1,BUY_USD
2017-06-02,0.42326788423556944,SYSTEMIC_STRESS,0,SELL_USD
2017-06-05,0.539143251714823,SYSTEMIC_STRESS,1,HOLD
2017-06-06,0.43013048944326027,SYSTEMIC_STRESS,0,SELL_USD
2017-06-07,0.5341571871652164,SYSTEMIC_STRESS,1,HOLD
2017-06-08,0.36450825506698,SYSTEMIC_STRESS,0,SELL_USD
2017-06-09,0.5452849589672359,SYSTEMIC_STRESS,1,BUY_USD
2017-06-12,0.5217228043257132,SYSTEMIC_STRESS,1,HOLD
2017-06-13,0.4482524764806681,SYSTEMIC_STRESS,0,HOLD
2017-06-14,0.4811453700268697,SYSTEMIC_STRESS,0,HOLD
2017-06-15,0.5104577371751511,SYSTEMIC_STRESS,1,HOLD
2017-06-16,0.4331768183863563,SYSTEMIC_STRESS,0,SELL_USD
2017-06-19,0.40337563461602094,SYSTEMIC_STRESS,0,SELL_USD
2017-06-20,0.5873794375211987,SYSTEMIC_STRESS,1,BUY_USD
2017-06-21,0.4227030739950628,SYSTEMIC_STRESS,0,SELL_USD
2017-06-22,0.41382314371070195,SYSTEMIC_STRESS,0,SELL_USD
2017-06-23,0.3889350647250248,SYSTEMIC_STRESS,0,SELL_USD
2017-06-26,0.5274975427855622,SYSTEMIC_STRESS,1,HOLD
2017-06-27,0.4584883763259404,SYSTEMIC_STRESS,0,HOLD
2017-06-28,0.4967366767102256,SYSTEMIC_STRESS,0,HOLD
2017-06-29,0.4676372052711313,SYSTEMIC_STRESS,0,HOLD
2017-06-30,0.40567064689686927,SYSTEMIC_STRESS,0,SELL_USD
2017-07-03,0.4412907687493913,SYSTEMIC_STRESS,0,HOLD
2017-07-04,0.38835608756794526,SYSTEMIC_STRESS,0,SELL_USD
2017-07-05,0.5587435855383585,SYSTEMIC_STRESS,1,BUY_USD
2017-07-06,0.4523015323499012,SYSTEMIC_STRESS,0,HOLD
2017-07-07,0.43788539098945856,SYSTEMIC_STRESS,0,SELL_USD
2017-07-10,0.41925297249954463,SYSTEMIC_STRESS,0,SELL_USD
2017-07-12,0.3678924514228633,SYSTEMIC_STRESS,0,SELL_USD
2017-07-13,0.37150154030863536,SYSTEMIC_STRESS,0,SELL_USD
2017-07-14,0.47206317049661217,SYSTEMIC_STRESS,0,HOLD
2017-07-17,0.5482203077947625,SYSTEMIC_STRESS,1,BUY_USD
2017-07-18,0.4659909880691183,SYSTEMIC_STRESS,0,HOLD
2017-07-19,0.5147679210846291,SYSTEMIC_STRESS,1,HOLD
2017-07-20,0.5530012113598382,SYSTEMIC_STRESS,1,BUY_USD
2017-07-21,0.5637880549596053,SYSTEMIC_STRESS,1,BUY_USD
2017-07-24,0.5214348106166676,SYSTEMIC_STRESS,1,HOLD
2017-07-25,0.5962194635484586,SYSTEMIC_STRESS,1,BUY_USD
2017-07-26,0.5074712892264053,SYSTEMIC_STRESS,1,HOLD
2017-07-27,0.5789177905642953,SYSTEMIC_STRESS,1,BUY_USD
2017-07-28,0.48036894500324095,SYSTEMIC_STRESS,0,HOLD
2017-07-31,0.3983571047009972,SYSTEMIC_STRESS,0,SELL_USD
2017-08-01,0.40026453158916475,SYSTEMIC_STRESS,0,SELL_USD
2017-08-02,0.5332893795441458,SYSTEMIC_STRESS,1,HOLD
2017-08-03,0.42611842614478823,SYSTEMIC_STRESS,0,SELL_USD
2017-08-04,0.35555031421395034,SYSTEMIC_STRESS,0,SELL_USD
2017-08-07,0.3542388769121696,SYSTEMIC_STRESS,0,SELL_USD
2017-08-08,0.338193985426531,SYSTEMIC_STRESS,0,SELL_USD
2017-08-09,0.43070128608932934,SYSTEMIC_STRESS,0,SELL_USD
2017-08-10,0.36569794834255365,SYSTEMIC_STRESS,0,SELL_USD
2017-08-11,0.35294718773614364,SYSTEMIC_STRESS,0,SELL_USD
2017-08-14,0.36890668196474474,SYSTEMIC_STRESS,0,SELL_USD
2017-08-15,0.3703252153245564,SYSTEMIC_STRESS,0,SELL_USD
2017-08-16,0.3841568838607082,SYSTEMIC_STRESS,0,SELL_USD
2017-08-17,0.39806114272718734,SYSTEMIC_STRESS,0,SELL_USD
2017-08-18,0.37648988319116483,SYSTEMIC_STRESS,0,SELL_USD
2017-08-21,0.3620271929109461,SYSTEMIC_STRESS,0,SELL_USD
2017-08-22,0.3717707273199263,SYSTEMIC_STRESS,0,SELL_USD
2017-08-23,0.3626332509817173,SYSTEMIC_STRESS,0,SELL_USD
2017-08-24,0.39714449756899506,SYSTEMIC_STRESS,0,SELL_USD
2017-08-25,0.39589741034668724,SYSTEMIC_STRESS,0,SELL_USD
2017-08-28,0.41910958120542974,SYSTEMIC_STRESS,0,SELL_USD
2017-08-29,0.45455923128055203,SYSTEMIC_STRESS,0,HOLD
2017-08-30,0.4450145761714459,SYSTEMIC_STRESS,0,HOLD
2017-08-31,0.3727122999087531,SYSTEMIC_STRESS,0,SELL_USD
2017-09-01,0.5725193999138711,SYSTEMIC_STRESS,1,BUY_USD
2017-09-04,0.5227074103026016,SYSTEMIC_STRESS,1,HOLD
2017-09-05,0.48179664082042606,SYSTEMIC_STRESS,0,HOLD
2017-09-06,0.3589006884892415,SYSTEMIC_STRESS,0,SELL_USD
2017-09-07,0.5779733679536652,SYSTEMIC_STRESS,1,BUY_USD
2017-09-08,0.7056956987983285,SYSTEMIC_STRESS,1,BUY_USD
2017-09-11,0.5278511243678494,SYSTEMIC_STRESS,1,HOLD
2017-09-12,0.5260288335673776,SYSTEMIC_STRESS,1,HOLD
2017-09-13,0.5832927296706971,SYSTEMIC_STRESS,1,BUY_USD
2017-09-14,0.5717829332097735,SYSTEMIC_STRESS,1,BUY_USD
2017-09-15,0.5675390161322558,SYSTEMIC_STRESS,1,BUY_USD
2017-09-18,0.5180629006616451,SYSTEMIC_STRESS,1,HOLD
2017-09-19,0.7297324333517313,SYSTEMIC_STRESS,1,BUY_USD
2017-09-20,0.6948874773243732,SYSTEMIC_STRESS,1,BUY_USD
2017-09-21,0.7015811247870133,SYSTEMIC_STRESS,1,BUY_USD
2017-09-22,0.7032977649450657,SYSTEMIC_STRESS,1,BUY_USD
2017-09-25,0.6441182582407355,SYSTEMIC_STRESS,1,BUY_USD
2017-09-26,0.6285183626654283,SYSTEMIC_STRESS,1,BUY_USD
2017-09-27,0.6697155707300996,SYSTEMIC_STRESS,1,BUY_USD
2017-09-28,0.7099479899845884,SYSTEMIC_STRESS,1,BUY_USD
2017-09-29,0.6321311988651396,SYSTEMIC_STRESS,1,BUY_USD
2017-10-02,0.6346618418953975,SYSTEMIC_STRESS,1,BUY_USD
2017-10-03,0.5997359667898309,SYSTEMIC_STRESS,1,BUY_USD
2017-10-04,0.7269488961267849,SYSTEMIC_STRESS,1,BUY_USD
2017-10-05,0.666010767790133,SYSTEMIC_STRESS,1,BUY_USD
2017-10-06,0.7987293314625054,SYSTEMIC_STRESS,1,BUY_USD
2017-10-09,0.6461211394462669,SYSTEMIC_STRESS,1,BUY_USD
2017-10-10,0.7661276587480613,SYSTEMIC_STRESS,1,BUY_USD
2017-10-11,0.6476816896949128,SYSTEMIC_STRESS,1,BUY_USD
2017-10-12,0.627869487355775,SYSTEMIC_STRESS,1,BUY_USD
2017-10-13,0.6203609649271828,SYSTEMIC_STRESS,1,BUY_USD
2017-10-16,0.6454647461640473,SYSTEMIC_STRESS,1,BUY_USD
2017-10-17,0.7373965718028943,SYSTEMIC_STRESS,1,BUY_USD
2017-10-18,0.6498916721645882,SYSTEMIC_STRESS,1,BUY_USD
2017-10-19,0.664665006956486,SYSTEMIC_STRESS,1,BUY_USD
2017-10-20,0.5644448120247975,SYSTEMIC_STRESS,1,BUY_USD
2017-10-23,0.6464765302326199,SYSTEMIC_STRESS,1,BUY_USD
2017-10-24,0.4878805112793764,SYSTEMIC_STRESS,0,HOLD
2017-10-25,0.6213414674170562,SYSTEMIC_STRESS,1,BUY_USD
2017-10-26,0.5996091688320317,SYSTEMIC_STRESS,1,BUY_USD
2017-10-27,0.48238540088267207,SYSTEMIC_STRESS,0,HOLD
2017-10-30,0.4456069358467072,SYSTEMIC_STRESS,0,HOLD
2017-10-31,0.6800659977119552,SYSTEMIC_STRESS,1,BUY_USD
2017-11-01,0.6099744997175603,SYSTEMIC_STRESS,1,BUY_USD
2017-11-02,0.3895178852952671,SYSTEMIC_STRESS,0,SELL_USD
2017-11-03,0.7007671053654596,SYSTEMIC_STRESS,1,BUY_USD
2017-11-06,0.5474057082009821,SYSTEMIC_STRESS,1,BUY_USD
2017-11-07,0.6276424068530362,SYSTEMIC_STRESS,1,BUY_USD
2017-11-08,0.489518799327862,SYSTEMIC_STRESS,0,HOLD
2017-11-09,0.666362561439463,SYSTEMIC_STRESS,1,BUY_USD
2017-11-10,0.734311420992203,SYSTEMIC_STRESS,1,BUY_USD
2017-11-13,0.6881565969370127,SYSTEMIC_STRESS,1,BUY_USD
2017-11-14,0.616201132259827,SYSTEMIC_STRESS,1,BUY_USD
2017-11-15,0.7224566633551514,SYSTEMIC_STRESS,1,BUY_USD
2017-11-17,0.6107711236095387,SYSTEMIC_STRESS,1,BUY_USD
2017-11-20,0.5287927796714691,SYSTEMIC_STRESS,1,HOLD
2017-11-21,0.529540270494304,SYSTEMIC_STRESS,1,HOLD
2017-11-22,0.5336116644112966,SYSTEMIC_STRESS,1,HOLD
2017-11-23,0.5876444948772055,SYSTEMIC_STRESS,1,BUY_USD
2017-11-24,0.7646282102420416,SYSTEMIC_STRESS,1,BUY_USD
2017-11-27,0.6004634255376818,SYSTEMIC_STRESS,1,BUY_USD
2017-11-28,0.5269357794594939,SYSTEMIC_STRESS,1,HOLD
2017-11-29,0.6272680452803514,SYSTEMIC_STRESS,1,BUY_USD
2017-11-30,0.5867054122554852,SYSTEMIC_STRESS,1,BUY_USD
2017-12-01,0.703574743983657,SYSTEMIC_STRESS,1,BUY_USD
2017-12-04,0.5235607337448915,SYSTEMIC_STRESS,1,HOLD
2017-12-05,0.4965371394146457,SYSTEMIC_STRESS,0,HOLD
2017-12-06,0.5180656667565676,SYSTEMIC_STRESS,1,HOLD
2017-12-07,0.4810902556851727,SYSTEMIC_STRESS,0,HOLD
2017-12-08,0.49336497512164257,SYSTEMIC_STRESS,0,HOLD
2017-12-11,0.4872114750480281,SYSTEMIC_STRESS,0,HOLD
2017-12-12,0.5533722780010771,SYSTEMIC_STRESS,1,BUY_USD
2017-12-13,0.41954591023977184,SYSTEMIC_STRESS,0,SELL_USD
2017-12-14,0.6358621170948401,SYSTEMIC_STRESS,1,BUY_USD
2017-12-15,0.4078476302189968,SYSTEMIC_STRESS,0,SELL_USD
2017-12-18,0.6136841790175316,SYSTEMIC_STRESS,1,BUY_USD
2017-12-19,0.677265796814464,SYSTEMIC_STRESS,1,BUY_USD
2017-12-20,0.6497086816181783,SYSTEMIC_STRESS,1,BUY_USD
2017-12-21,0.6050435441323965,SYSTEMIC_STRESS,1,BUY_USD
2017-12-22,0.5742691358091674,SYSTEMIC_STRESS,1,BUY_USD
2017-12-25,0.6295723226631555,SYSTEMIC_STRESS,1,BUY_USD
2017-12-26,0.8669377522121247,SYSTEMIC_STRESS,1,BUY_USD
2017-12-27,0.5288717661320745,SYSTEMIC_STRESS,1,HOLD
2017-12-28,0.5476730202256089,SYSTEMIC_STRESS,1,BUY_USD
2017-12-29,0.6316539155426732,SYSTEMIC_STRESS,1,BUY_USD
2018-01-01,0.6134491208025028,SYSTEMIC_STRESS,1,BUY_USD
2018-01-02,0.575424774193574,SYSTEMIC_STRESS,1,BUY_USD
2018-01-03,0.6728674254141569,SYSTEMIC_STRESS,1,BUY_USD
2018-01-04,0.6457334632611299,SYSTEMIC_STRESS,1,BUY_USD
2018-01-05,0.5720048507179559,SYSTEMIC_STRESS,1,BUY_USD
2018-01-08,0.5925476435396462,SYSTEMIC_STRESS,1,BUY_USD
2018-01-09,0.7775291612442645,SYSTEMIC_STRESS,1,BUY_USD
2018-01-10,0.7633552763470386,SYSTEMIC_STRESS,1,BUY_USD
2018-01-11,0.7625188917342036,SYSTEMIC_STRESS,1,BUY_USD
2018-01-12,0.7689885305890152,SYSTEMIC_STRESS,1,BUY_USD
2018-01-15,0.8143068691016256,SYSTEMIC_STRESS,1,BUY_USD
2018-01-16,0.8353828705829022,SYSTEMIC_STRESS,1,BUY_USD
2018-01-17,0.8264089289206962,SYSTEMIC_STRESS,1,BUY_USD
2018-01-18,0.815546959863561,SYSTEMIC_STRESS,1,BUY_USD
2018-01-19,0.7936172371439072,SYSTEMIC_STRESS,1,BUY_USD
2018-01-22,0.7557503718027161,SYSTEMIC_STRESS,1,BUY_USD
2018-01-23,0.7984190965193098,SYSTEMIC_STRESS,1,BUY_USD
2018-01-24,0.7887689879595984,SYSTEMIC_STRESS,1,BUY_USD
2018-01-25,0.9034251735216451,SYSTEMIC_STRESS,1,BUY_USD
2018-01-26,0.8930368425054999,SYSTEMIC_STRESS,1,BUY_USD
2018-01-29,0.897719569162071,SYSTEMIC_STRESS,1,BUY_USD
2018-01-30,0.7887511251728444,SYSTEMIC_STRESS,1,BUY_USD
2018-01-31,0.8317198527023744,SYSTEMIC_STRESS,1,BUY_USD
2018-02-01,0.8685366148523392,SYSTEMIC_STRESS,1,BUY_USD
2018-02-02,0.8835351121432599,SYSTEMIC_STRESS,1,BUY_USD
2018-02-05,0.8642636683709165,SYSTEMIC_STRESS,1,BUY_USD
2018-02-06,0.8287024176717513,SYSTEMIC_STRESS,1,BUY_USD
2018-02-07,0.6755981193552376,SYSTEMIC_STRESS,1,BUY_USD
2018-02-08,0.6241047342169211,SYSTEMIC_STRESS,1,BUY_USD
2018-02-09,0.3792151294543009,SYSTEMIC_STRESS,0,SELL_USD
2018-02-12,0.3822123193078607,SYSTEMIC_STRESS,0,SELL_USD
2018-02-13,0.4639277390695375,SYSTEMIC_STRESS,0,HOLD
2018-02-14,0.5022828038847253,SYSTEMIC_STRESS,1,HOLD
2018-02-15,0.4745899460276502,SYSTEMIC_STRESS,0,HOLD
2018-02-16,0.4992091779312782,SYSTEMIC_STRESS,0,HOLD
2018-02-19,0.46576609935055385,SYSTEMIC_STRESS,0,HOLD
2018-02-20,0.5205799691744357,SYSTEMIC_STRESS,1,HOLD
2018-02-21,0.4323264314308307,SYSTEMIC_STRESS,0,SELL_USD
2018-02-22,0.7457112797703636,SYSTEMIC_STRESS,1,BUY_USD
2018-02-23,0.8137052405894442,SYSTEMIC_STRESS,1,BUY_USD
2018-02-26,0.8182050814943003,SYSTEMIC_STRESS,1,BUY_USD
2018-02-27,0.8425972851844269,SYSTEMIC_STRESS,1,BUY_USD
2018-02-28,0.4967560614674029,SYSTEMIC_STRESS,0,HOLD
2018-03-01,0.44051755032948137,SYSTEMIC_STRESS,0,HOLD
2018-03-02,0.3899039209990379,SYSTEMIC_STRESS,0,SELL_USD
2018-03-05,0.41682977645127456,SYSTEMIC_STRESS,0,SELL_USD
2018-03-06,0.3994485981799427,SYSTEMIC_STRESS,0,SELL_USD
2018-03-07,0.3852262990237605,SYSTEMIC_STRESS,0,SELL_USD
2018-03-08,0.3384767147866035,SYSTEMIC_STRESS,0,SELL_USD
2018-03-09,0.37322924865555335,SYSTEMIC_STRESS,0,SELL_USD
2018-03-12,0.32461830445862244,SYSTEMIC_STRESS,0,SELL_USD
2018-03-13,0.36650113967282977,SYSTEMIC_STRESS,0,SELL_USD
2018-03-14,0.39346751130748636,SYSTEMIC_STRESS,0,SELL_USD
2018-03-15,0.5045200715701951,SYSTEMIC_STRESS,1,HOLD
2018-03-16,0.5110891164251471,SYSTEMIC_STRESS,1,HOLD
2018-03-19,0.5058199003371242,SYSTEMIC_STRESS,1,HOLD
2018-03-20,0.7075503506772765,SYSTEMIC_STRESS,1,BUY_USD
2018-03-21,0.752712703976137,SYSTEMIC_STRESS,1,BUY_USD
2018-03-22,0.8644878483366044,SYSTEMIC_STRESS,1,BUY_USD
2018-03-23,0.8474447991628797,SYSTEMIC_STRESS,1,BUY_USD
2018-03-26,0.7875990203202785,SYSTEMIC_STRESS,1,BUY_USD
2018-03-27,0.8330993252486034,SYSTEMIC_STRESS,1,BUY_USD
2018-03-28,0.8492620677814327,SYSTEMIC_STRESS,1,BUY_USD
2018-03-29,0.8451522739164296,SYSTEMIC_STRESS,1,BUY_USD
2018-03-30,0.8911394477384585,SYSTEMIC_STRESS,1,BUY_USD
2018-04-02,0.9017063049791296,SYSTEMIC_STRESS,1,BUY_USD
2018-04-03,0.8700822852584982,SYSTEMIC_STRESS,1,BUY_USD
2018-04-04,0.8728316272792145,SYSTEMIC_STRESS,1,BUY_USD
2018-04-05,0.8538008741111828,SYSTEMIC_STRESS,1,BUY_USD
2018-04-06,0.7000011141324525,SYSTEMIC_STRESS,1,BUY_USD
2018-04-09,0.872483684835561,SYSTEMIC_STRESS,1,BUY_USD
2018-04-10,0.8530390141501552,SYSTEMIC_STRESS,1,BUY_USD
2018-04-11,0.8921002249516466,SYSTEMIC_STRESS,1,BUY_USD
2018-04-12,0.8983863067578971,SYSTEMIC_STRESS,1,BUY_USD
2018-04-13,0.9449216903070736,SYSTEMIC_STRESS,1,BUY_USD
2018-04-16,0.9018001206637409,SYSTEMIC_STRESS,1,BUY_USD
2018-04-17,0.9210626994410365,SYSTEMIC_STRESS,1,BUY_USD
2018-04-18,0.9087954510053851,SYSTEMIC_STRESS,1,BUY_USD
2018-04-19,0.932083369219624,SYSTEMIC_STRESS,1,BUY_USD
2018-04-20,0.9191051454142974,SYSTEMIC_STRESS,1,BUY_USD
2018-04-23,0.926993154983233,SYSTEMIC_STRESS,1,BUY_USD
2018-04-24,0.9182729215549007,SYSTEMIC_STRESS,1,BUY_USD
2018-04-25,0.9223884781989921,SYSTEMIC_STRESS,1,BUY_USD
2018-04-26,0.8433394039030162,SYSTEMIC_STRESS,1,BUY_USD
2018-04-27,0.883830415457482,SYSTEMIC_STRESS,1,BUY_USD
2018-04-30,0.9091396087399939,SYSTEMIC_STRESS,1,BUY_USD
2018-05-01,0.88925503887845,SYSTEMIC_STRESS,1,BUY_USD
2018-05-02,0.8362016810077112,SYSTEMIC_STRESS,1,BUY_USD
2018-05-03,0.8638490134737383,SYSTEMIC_STRESS,1,BUY_USD
2018-05-04,0.8159693596791999,SYSTEMIC_STRESS,1,BUY_USD
2018-05-07,0.8766115749327095,SYSTEMIC_STRESS,1,BUY_USD
2018-05-08,0.8029709524452182,SYSTEMIC_STRESS,1,BUY_USD
2018-05-09,0.8156557714085199,SYSTEMIC_STRESS,1,BUY_USD
2018-05-10,0.787431772041828,SYSTEMIC_STRESS,1,BUY_USD
2018-05-11,0.8962686373199447,SYSTEMIC_STRESS,1,BUY_USD
2018-05-14,0.8802519832359057,SYSTEMIC_STRESS,1,BUY_USD
2018-05-15,0.9038009555196563,SYSTEMIC_STRESS,1,BUY_USD
2018-05-16,0.8705577959855056,SYSTEMIC_STRESS,1,BUY_USD
2018-05-17,0.8849545545972815,SYSTEMIC_STRESS,1,BUY_USD
2018-05-18,0.8674595979904276,SYSTEMIC_STRESS,1,BUY_USD
2018-05-21,0.7949045153328376,SYSTEMIC_STRESS,1,BUY_USD
2018-05-22,0.8106154048874763,SYSTEMIC_STRESS,1,BUY_USD
2018-05-23,0.9172639694947002,SYSTEMIC_STRESS,1,BUY_USD
2018-05-24,0.9271430883305128,SYSTEMIC_STRESS,1,BUY_USD
2018-05-25,0.9042695634238128,SYSTEMIC_STRESS,1,BUY_USD
2018-05-28,0.890293521922354,SYSTEMIC_STRESS,1,BUY_USD
2018-05-29,0.9227014607622016,SYSTEMIC_STRESS,1,BUY_USD
2018-05-30,0.8914946108375527,SYSTEMIC_STRESS,1,BUY_USD
2018-05-31,0.922123655037488,SYSTEMIC_STRESS,1,BUY_USD
2018-06-01,0.9009713852944827,SYSTEMIC_STRESS,1,BUY_USD
2018-06-04,0.8870113787056217,SYSTEMIC_STRESS,1,BUY_USD
2018-06-05,0.9200920532597661,SYSTEMIC_STRESS,1,BUY_USD
2018-06-06,0.8554152977219669,SYSTEMIC_STRESS,1,BUY_USD
2018-06-07,0.8996939976058178,SYSTEMIC_STRESS,1,BUY_USD
2018-06-08,0.9166584015716579,SYSTEMIC_STRESS,1,BUY_USD
2018-06-11,0.900568344346755,SYSTEMIC_STRESS,1,BUY_USD
2018-06-12,0.9044861547403688,SYSTEMIC_STRESS,1,BUY_USD
2018-06-13,0.8615142418479572,SYSTEMIC_STRESS,1,BUY_USD
2018-06-14,0.8905163245630627,SYSTEMIC_STRESS,1,BUY_USD
2018-06-15,0.8565015868595247,SYSTEMIC_STRESS,1,BUY_USD
2018-06-18,0.860729664481993,SYSTEMIC_STRESS,1,BUY_USD
2018-06-19,0.8845584666453452,SYSTEMIC_STRESS,1,BUY_USD
2018-06-20,0.7768035584153947,SYSTEMIC_STRESS,1,BUY_USD
2018-06-21,0.8334850330580158,SYSTEMIC_STRESS,1,BUY_USD
2018-06-22,0.815305275887465,SYSTEMIC_STRESS,1,BUY_USD
2018-06-25,0.9543989187123229,SYSTEMIC_STRESS,1,BUY_USD
2018-06-26,0.8433931378668256,SYSTEMIC_STRESS,1,BUY_USD
2018-06-27,0.9412227927251182,SYSTEMIC_STRESS,1,BUY_USD
2018-06-28,0.9356675079517454,SYSTEMIC_STRESS,1,BUY_USD
2018-06-29,0.9304279788130672,SYSTEMIC_STRESS,1,BUY_USD
2018-07-02,0.938476441065363,SYSTEMIC_STRESS,1,BUY_USD
2018-07-03,0.9106534950712916,SYSTEMIC_STRESS,1,BUY_USD
2018-07-04,0.9215988609509367,SYSTEMIC_STRESS,1,BUY_USD
2018-07-05,0.9425779952089327,SYSTEMIC_STRESS,1,BUY_USD
2018-07-06,0.9206352764914909,SYSTEMIC_STRESS,1,BUY_USD
2018-07-09,0.9027400447985685,SYSTEMIC_STRESS,1,BUY_USD
2018-07-10,0.9254146021531308,SYSTEMIC_STRESS,1,BUY_USD
2018-07-11,0.9421859957273462,SYSTEMIC_STRESS,1,BUY_USD
2018-07-12,0.9215556876958417,SYSTEMIC_STRESS,1,BUY_USD
2018-07-13,0.9277209024450372,SYSTEMIC_STRESS,1,BUY_USD
2018-07-16,0.9470135427340678,SYSTEMIC_STRESS,1,BUY_USD
2018-07-17,0.9155722261286752,SYSTEMIC_STRESS,1,BUY_USD
2018-07-18,0.9032388226112014,SYSTEMIC_STRESS,1,BUY_USD
2018-07-19,0.9349930332457327,SYSTEMIC_STRESS,1,BUY_USD
2018-07-20,0.9148797446136171,SYSTEMIC_STRESS,1,BUY_USD
2018-07-23,0.927747178989677,SYSTEMIC_STRESS,1,BUY_USD
2018-07-24,0.9160473879538695,SYSTEMIC_STRESS,1,BUY_USD
2018-07-25,0.9382974178940495,SYSTEMIC_STRESS,1,BUY_USD
2018-07-26,0.9646301896761127,SYSTEMIC_STRESS,1,BUY_USD
2018-07-27,0.9580960880806307,SYSTEMIC_STRESS,1,BUY_USD
2018-07-30,0.9664914983287247,SYSTEMIC_STRESS,1,BUY_USD
2018-07-31,0.9703766194685832,SYSTEMIC_STRESS,1,BUY_USD
2018-08-01,0.9559969400464645,SYSTEMIC_STRESS,1,BUY_USD
2018-08-02,0.9622886569723627,SYSTEMIC_STRESS,1,BUY_USD
2018-08-03,0.9617139847009691,SYSTEMIC_STRESS,1,BUY_USD
2018-08-06,0.9641992773798931,SYSTEMIC_STRESS,1,BUY_USD
2018-08-07,0.9480119004436074,SYSTEMIC_STRESS,1,BUY_USD
2018-08-08,0.961850178597565,SYSTEMIC_STRESS,1,BUY_USD
2018-08-09,0.9705718731016532,SYSTEMIC_STRESS,1,BUY_USD
2018-08-10,0.9750587982652288,SYSTEMIC_STRESS,1,BUY_USD
2018-08-13,0.9692247484564998,SYSTEMIC_STRESS,1,BUY_USD
2018-08-14,0.9634244035000817,SYSTEMIC_STRESS,1,BUY_USD
2018-08-15,0.9505727224759966,SYSTEMIC_STRESS,1,BUY_USD
2018-08-16,0.963555875575016,SYSTEMIC_STRESS,1,BUY_USD
2018-08-17,0.9592117452832648,SYSTEMIC_STRESS,1,BUY_USD
2018-08-20,0.9592547448045883,SYSTEMIC_STRESS,1,BUY_USD
2018-08-21,0.9694444170785868,SYSTEMIC_STRESS,1,BUY_USD
2018-08-22,0.9576193550098009,SYSTEMIC_STRESS,1,BUY_USD
2018-08-23,0.9617313138418826,SYSTEMIC_STRESS,1,BUY_USD
2018-08-24,0.9448964983585251,SYSTEMIC_STRESS,1,BUY_USD
2018-08-27,0.9673784040518929,SYSTEMIC_STRESS,1,BUY_USD
2018-08-28,0.9784755266044455,SYSTEMIC_STRESS,1,BUY_USD
2018-08-29,0.9585698581178339,SYSTEMIC_STRESS,1,BUY_USD
2018-08-30,0.9662257068162762,SYSTEMIC_STRESS,1,BUY_USD
2018-08-31,0.963500895388701,SYSTEMIC_STRESS,1,BUY_USD
2018-09-03,0.9497278821001187,SYSTEMIC_STRESS,1,BUY_USD
2018-09-04,0.9391609759457363,SYSTEMIC_STRESS,1,BUY_USD
2018-09-05,0.8444383166850455,SYSTEMIC_STRESS,1,BUY_USD
2018-09-06,0.8756275622917827,SYSTEMIC_STRESS,1,BUY_USD
2018-09-07,0.860486083493763,SYSTEMIC_STRESS,1,BUY_USD
2018-09-10,0.9137379307865221,SYSTEMIC_STRESS,1,BUY_USD
2018-09-11,0.8782182501787121,SYSTEMIC_STRESS,1,BUY_USD
2018-09-12,0.8888559553881454,SYSTEMIC_STRESS,1,BUY_USD
2018-09-13,0.8858746960916992,SYSTEMIC_STRESS,1,BUY_USD
2018-09-14,0.939664782031457,SYSTEMIC_STRESS,1,BUY_USD
2018-09-17,0.9326938938993777,SYSTEMIC_STRESS,1,BUY_USD
2018-09-18,0.9332748810254486,SYSTEMIC_STRESS,1,BUY_USD
2018-09-19,0.9621450798797205,SYSTEMIC_STRESS,1,BUY_USD
2018-09-20,0.9679050348169351,SYSTEMIC_STRESS,1,BUY_USD
2018-09-21,0.9646073603838202,SYSTEMIC_STRESS,1,BUY_USD
2018-09-24,0.9717867841740134,SYSTEMIC_STRESS,1,BUY_USD
2018-09-25,0.9558222235275406,SYSTEMIC_STRESS,1,BUY_USD
2018-09-26,0.9625698384059419,SYSTEMIC_STRESS,1,BUY_USD
2018-09-27,0.9638974780481172,SYSTEMIC_STRESS,1,BUY_USD
2018-09-28,0.9613479059477834,SYSTEMIC_STRESS,1,BUY_USD
2018-10-01,0.9630460944120688,SYSTEMIC_STRESS,1,BUY_USD
2018-10-02,0.9585641462848785,SYSTEMIC_STRESS,1,BUY_USD
2018-10-03,0.9678009051410028,SYSTEMIC_STRESS,1,BUY_USD
2018-10-04,0.9589035645441155,SYSTEMIC_STRESS,1,BUY_USD
2018-10-05,0.852874973852942,SYSTEMIC_STRESS,1,BUY_USD
2018-10-08,0.8044003428292517,SYSTEMIC_STRESS,1,BUY_USD
2018-10-09,0.9473667088969548,SYSTEMIC_STRESS,1,BUY_USD
2018-10-10,0.870404146370898,SYSTEMIC_STRESS,1,BUY_USD
2018-10-11,0.9669970328712165,SYSTEMIC_STRESS,1,BUY_USD
2018-10-12,0.9715205454887028,SYSTEMIC_STRESS,1,BUY_USD
2018-10-15,0.974780391554794,SYSTEMIC_STRESS,1,BUY_USD
2018-10-16,0.9734930663826354,SYSTEMIC_STRESS,1,BUY_USD
2018-10-17,0.9731711150576611,SYSTEMIC_STRESS,1,BUY_USD
2018-10-18,0.9796855808937194,SYSTEMIC_STRESS,1,BUY_USD
2018-10-19,0.9671423905400464,SYSTEMIC_STRESS,1,BUY_USD
2018-10-22,0.9599819107450308,SYSTEMIC_STRESS,1,BUY_USD
2018-10-23,0.9736503177403177,SYSTEMIC_STRESS,1,BUY_USD
2018-10-24,0.9611374994219557,SYSTEMIC_STRESS,1,BUY_USD
2018-10-25,0.9509791479613761,SYSTEMIC_STRESS,1,BUY_USD
2018-10-26,0.95769290453621,SYSTEMIC_STRESS,1,BUY_USD
2018-10-29,0.9600907710137946,SYSTEMIC_STRESS,1,BUY_USD
2018-10-30,0.966791744422553,SYSTEMIC_STRESS,1,BUY_USD
2018-10-31,0.9551685557020713,SYSTEMIC_STRESS,1,BUY_USD
2018-11-01,0.9439716428933397,SYSTEMIC_STRESS,1,BUY_USD
2018-11-02,0.9284944180337943,SYSTEMIC_STRESS,1,BUY_USD
2018-11-05,0.9401893887033916,SYSTEMIC_STRESS,1,BUY_USD
2018-11-06,0.8716595077270324,SYSTEMIC_STRESS,1,BUY_USD
2018-11-07,0.8106152065748364,SYSTEMIC_STRESS,1,BUY_USD
2018-11-08,0.8611980908903955,SYSTEMIC_STRESS,1,BUY_USD
2018-11-09,0.8804321270085205,SYSTEMIC_STRESS,1,BUY_USD
2018-11-12,0.8009098054756638,SYSTEMIC_STRESS,1,BUY_USD
2018-11-13,0.7346250411304462,SYSTEMIC_STRESS,1,BUY_USD
2018-11-14,0.7341818122083861,SYSTEMIC_STRESS,1,BUY_USD
2018-11-15,0.7483266260228179,SYSTEMIC_STRESS,1,BUY_USD
2018-11-16,0.7715569461236965,SYSTEMIC_STRESS,1,BUY_USD
2018-11-19,0.8879554816439391,SYSTEMIC_STRESS,1,BUY_USD
2018-11-20,0.9019594402872498,SYSTEMIC_STRESS,1,BUY_USD
2018-11-21,0.8301511591088011,SYSTEMIC_STRESS,1,BUY_USD
2018-11-22,0.9088825521128225,SYSTEMIC_STRESS,1,BUY_USD
2018-11-23,0.8778633959704614,SYSTEMIC_STRESS,1,BUY_USD
2018-11-26,0.8180119761325184,SYSTEMIC_STRESS,1,BUY_USD
2018-11-27,0.7523799150799104,SYSTEMIC_STRESS,1,BUY_USD
2018-11-28,0.7220205124856399,SYSTEMIC_STRESS,1,BUY_USD
2018-11-29,0.7634789591922048,SYSTEMIC_STRESS,1,BUY_USD
2018-11-30,0.7718393789424047,SYSTEMIC_STRESS,1,BUY_USD
2018-12-03,0.7463474846989522,SYSTEMIC_STRESS,1,BUY_USD
2018-12-04,0.8237550153907667,SYSTEMIC_STRESS,1,BUY_USD
2018-12-05,0.781264711338523,SYSTEMIC_STRESS,1,BUY_USD
2018-12-06,0.7991057164926654,SYSTEMIC_STRESS,1,BUY_USD
2018-12-07,0.6365918079922273,SYSTEMIC_STRESS,1,BUY_USD
2018-12-10,0.6442024914983764,SYSTEMIC_STRESS,1,BUY_USD
2018-12-11,0.5819687064748842,SYSTEMIC_STRESS,1,BUY_USD
2018-12-12,0.5950298613756674,SYSTEMIC_STRESS,1,BUY_USD
2018-12-13,0.578484282099098,SYSTEMIC_STRESS,1,BUY_USD
2018-12-14,0.6800081227578858,SYSTEMIC_STRESS,1,BUY_USD
2018-12-17,0.7043435077962291,SYSTEMIC_STRESS,1,BUY_USD
2018-12-18,0.6941629802654784,SYSTEMIC_STRESS,1,BUY_USD
2018-12-19,0.7186453941774731,SYSTEMIC_STRESS,1,BUY_USD
2018-12-20,0.7749551335389477,SYSTEMIC_STRESS,1,BUY_USD
2018-12-21,0.7888106122117602,SYSTEMIC_STRESS,1,BUY_USD
2018-12-24,0.7895198033168177,SYSTEMIC_STRESS,1,BUY_USD
2018-12-25,0.7849756097729133,SYSTEMIC_STRESS,1,BUY_USD
2018-12-26,0.7864921352080667,SYSTEMIC_STRESS,1,BUY_USD
2018-12-27,0.8050340967114268,SYSTEMIC_STRESS,1,BUY_USD
2018-12-28,0.7324473227685164,SYSTEMIC_STRESS,1,BUY_USD
2018-12-31,0.7710070831920961,SYSTEMIC_STRESS,1,BUY_USD
2019-01-01,0.6753917727184859,SYSTEMIC_STRESS,1,BUY_USD
2019-01-02,0.7553486818903742,SYSTEMIC_STRESS,1,BUY_USD
2019-01-03,0.7300674567162431,SYSTEMIC_STRESS,1,BUY_USD
2019-01-04,0.7622052802179704,SYSTEMIC_STRESS,1,BUY_USD
2019-01-07,0.7130463791702127,SYSTEMIC_STRESS,1,BUY_USD
2019-01-08,0.7941002693446078,SYSTEMIC_STRESS,1,BUY_USD
2019-01-09,0.8523434130360565,SYSTEMIC_STRESS,1,BUY_USD
2019-01-10,0.8333972978115989,SYSTEMIC_STRESS,1,BUY_USD
2019-01-11,0.8381879833743444,SYSTEMIC_STRESS,1,BUY_USD
2019-01-14,0.8730700342665226,SYSTEMIC_STRESS,1,BUY_USD
2019-01-15,0.818857972422431,SYSTEMIC_STRESS,1,BUY_USD
2019-01-16,0.8279695406150136,SYSTEMIC_STRESS,1,BUY_USD
2019-01-17,0.8435831285783953,SYSTEMIC_STRESS,1,BUY_USD
2019-01-18,0.7963669075164918,SYSTEMIC_STRESS,1,BUY_USD
2019-01-21,0.7029299689999761,SYSTEMIC_STRESS,1,BUY_USD
2019-01-22,0.7385999298680972,SYSTEMIC_STRESS,1,BUY_USD
2019-01-23,0.6600448692123535,SYSTEMIC_STRESS,1,BUY_USD
2019-01-24,0.6744931196837328,SYSTEMIC_STRESS,1,BUY_USD
2019-01-25,0.6715831119931291,SYSTEMIC_STRESS,1,BUY_USD
2019-01-28,0.7867701079240239,SYSTEMIC_STRESS,1,BUY_USD
2019-01-29,0.6479519770997068,SYSTEMIC_STRESS,1,BUY_USD
2019-01-30,0.7262470109174908,SYSTEMIC_STRESS,1,BUY_USD
2019-01-31,0.7079631106009353,SYSTEMIC_STRESS,1,BUY_USD
2019-02-01,0.8768400951654752,SYSTEMIC_STRESS,1,BUY_USD
2019-02-04,0.7814213714205761,SYSTEMIC_STRESS,1,BUY_USD
2019-02-05,0.694235362500924,SYSTEMIC_STRESS,1,BUY_USD
2019-02-06,0.7003692143947572,SYSTEMIC_STRESS,1,BUY_USD
2019-02-07,0.7019259808052185,SYSTEMIC_STRESS,1,BUY_USD
2019-02-08,0.7030912048722769,SYSTEMIC_STRESS,1,BUY_USD
2019-02-11,0.7010768980634353,SYSTEMIC_STRESS,1,BUY_USD
2019-02-12,0.791114253901571,SYSTEMIC_STRESS,1,BUY_USD
2019-02-13,0.8430255323225475,SYSTEMIC_STRESS,1,BUY_USD
2019-02-14,0.8138661284227979,SYSTEMIC_STRESS,1,BUY_USD
2019-02-15,0.8247871874926282,SYSTEMIC_STRESS,1,BUY_USD
2019-02-18,0.7723660402939205,SYSTEMIC_STRESS,1,BUY_USD
2019-02-19,0.7681054461294634,SYSTEMIC_STRESS,1,BUY_USD
2019-02-20,0.791858567020054,SYSTEMIC_STRESS,1,BUY_USD
2019-02-21,0.8582857094439391,SYSTEMIC_STRESS,1,BUY_USD
2019-02-22,0.7688699970514488,SYSTEMIC_STRESS,1,BUY_USD
2019-02-25,0.7963975358290796,SYSTEMIC_STRESS,1,BUY_USD
2019-02-26,0.8487784288635053,SYSTEMIC_STRESS,1,BUY_USD
2019-02-27,0.8252589562002998,SYSTEMIC_STRESS,1,BUY_USD
2019-02-28,0.8294285361295162,SYSTEMIC_STRESS,1,BUY_USD
2019-03-01,0.7962680468101115,SYSTEMIC_STRESS,1,BUY_USD
2019-03-04,0.7674429746106755,SYSTEMIC_STRESS,1,BUY_USD
2019-03-05,0.7669621893587705,SYSTEMIC_STRESS,1,BUY_USD
2019-03-06,0.7896809661940427,SYSTEMIC_STRESS,1,BUY_USD
2019-03-07,0.8006881801614187,SYSTEMIC_STRESS,1,BUY_USD
2019-03-08,0.8230713420897973,SYSTEMIC_STRESS,1,BUY_USD
2019-03-11,0.8109625663266151,SYSTEMIC_STRESS,1,BUY_USD
2019-03-12,0.8498085662124228,SYSTEMIC_STRESS,1,BUY_USD
2019-03-13,0.8307340487142474,SYSTEMIC_STRESS,1,BUY_USD
2019-03-14,0.8971715699522907,SYSTEMIC_STRESS,1,BUY_USD
2019-03-15,0.8152981694832103,SYSTEMIC_STRESS,1,BUY_USD
2019-03-18,0.8109172557592346,SYSTEMIC_STRESS,1,BUY_USD
2019-03-19,0.8655161679381356,SYSTEMIC_STRESS,1,BUY_USD
2019-03-20,0.85899958154571,SYSTEMIC_STRESS,1,BUY_USD
2019-03-21,0.8696436063248855,SYSTEMIC_STRESS,1,BUY_USD
2019-03-22,0.9178449677549976,SYSTEMIC_STRESS,1,BUY_USD
2019-03-25,0.8468713747765703,SYSTEMIC_STRESS,1,BUY_USD
2019-03-26,0.8387894702155945,SYSTEMIC_STRESS,1,BUY_USD
2019-03-27,0.8752797771119963,SYSTEMIC_STRESS,1,BUY_USD
2019-03-28,0.8352410436624945,SYSTEMIC_STRESS,1,BUY_USD
2019-03-29,0.8510735075209641,SYSTEMIC_STRESS,1,BUY_USD
2019-04-01,0.8579736386217653,SYSTEMIC_STRESS,1,BUY_USD
2019-04-02,0.9389667979161442,SYSTEMIC_STRESS,1,BUY_USD
2019-04-03,0.8980655553550138,SYSTEMIC_STRESS,1,BUY_USD
2019-04-04,0.8950784896301285,SYSTEMIC_STRESS,1,BUY_USD
2019-04-05,0.9552155180663746,SYSTEMIC_STRESS,1,BUY_USD
2019-04-08,0.9474310373758188,SYSTEMIC_STRESS,1,BUY_USD
2019-04-09,0.9678161902820653,SYSTEMIC_STRESS,1,BUY_USD
2019-04-10,0.9583108223612593,SYSTEMIC_STRESS,1,BUY_USD
2019-04-11,0.9668364046970761,SYSTEMIC_STRESS,1,BUY_USD
2019-04-12,0.9267824026825648,SYSTEMIC_STRESS,1,BUY_USD
2019-04-15,0.9598175270965028,SYSTEMIC_STRESS,1,BUY_USD
2019-04-16,0.9523482919282571,SYSTEMIC_STRESS,1,BUY_USD
2019-04-17,0.9510387329054475,SYSTEMIC_STRESS,1,BUY_USD
2019-04-18,0.9382912997896741,SYSTEMIC_STRESS,1,BUY_USD
2019-04-19,0.9254800852587008,SYSTEMIC_STRESS,1,BUY_USD
2019-04-22,0.9382435360204974,SYSTEMIC_STRESS,1,BUY_USD
2019-04-23,0.9161645489531329,SYSTEMIC_STRESS,1,BUY_USD
2019-04-24,0.9386571801941735,SYSTEMIC_STRESS,1,BUY_USD
2019-04-25,0.9528601663066392,SYSTEMIC_STRESS,1,BUY_USD
2019-04-26,0.924712081289116,SYSTEMIC_STRESS,1,BUY_USD
2019-04-29,0.9381689123729778,SYSTEMIC_STRESS,1,BUY_USD
2019-04-30,0.9568893540846425,SYSTEMIC_STRESS,1,BUY_USD
2019-05-01,0.9541985385250937,SYSTEMIC_STRESS,1,BUY_USD
2019-05-02,0.7689866719731085,SYSTEMIC_STRESS,1,BUY_USD
2019-05-03,0.8123859960754888,SYSTEMIC_STRESS,1,BUY_USD
2019-05-06,0.8434849244142444,SYSTEMIC_STRESS,1,BUY_USD
2019-05-07,0.844572803060151,SYSTEMIC_STRESS,1,BUY_USD
2019-05-08,0.8343159489296879,SYSTEMIC_STRESS,1,BUY_USD
2019-05-09,0.8123935633410512,SYSTEMIC_STRESS,1,BUY_USD
2019-05-10,0.7887251068102186,SYSTEMIC_STRESS,1,BUY_USD
2019-05-13,0.8071527564113061,SYSTEMIC_STRESS,1,BUY_USD
2019-05-14,0.7805240954201101,SYSTEMIC_STRESS,1,BUY_USD
2019-05-15,0.7787916580597642,SYSTEMIC_STRESS,1,BUY_USD
2019-05-16,0.9145658070208454,SYSTEMIC_STRESS,1,BUY_USD
2019-05-17,0.9081268474878452,SYSTEMIC_STRESS,1,BUY_USD
2019-05-20,0.9081235179309303,SYSTEMIC_STRESS,1,BUY_USD
2019-05-21,0.8977032640652438,SYSTEMIC_STRESS,1,BUY_USD
2019-05-23,0.6038804994316145,SYSTEMIC_STRESS,1,BUY_USD
2019-05-24,0.5663693506567059,SYSTEMIC_STRESS,1,BUY_USD
2019-05-27,0.5733747693017327,SYSTEMIC_STRESS,1,BUY_USD
2019-05-28,0.5741576192992583,SYSTEMIC_STRESS,1,BUY_USD
2019-05-29,0.5743192460652613,SYSTEMIC_STRESS,1,BUY_USD
2019-05-30,0.559388984998958,SYSTEMIC_STRESS,1,BUY_USD
2019-05-31,0.47047644631208974,SYSTEMIC_STRESS,0,HOLD
2019-06-03,0.5338001349373593,SYSTEMIC_STRESS,1,HOLD
2019-06-04,0.5631002710476314,SYSTEMIC_STRESS,1,BUY_USD
2019-06-05,0.697563318792223,SYSTEMIC_STRESS,1,BUY_USD
2019-06-06,0.7483219081518836,SYSTEMIC_STRESS,1,BUY_USD
2019-06-07,0.7126374405666186,SYSTEMIC_STRESS,1,BUY_USD
2019-06-10,0.7300777477869203,SYSTEMIC_STRESS,1,BUY_USD
2019-06-11,0.7541231076794926,SYSTEMIC_STRESS,1,BUY_USD
2019-06-12,0.7236057568316212,SYSTEMIC_STRESS,1,BUY_USD
2019-06-13,0.677956849853985,SYSTEMIC_STRESS,1,BUY_USD
2019-06-14,0.7219656898700365,SYSTEMIC_STRESS,1,BUY_USD
2019-06-17,0.6351964099312265,SYSTEMIC_STRESS,1,BUY_USD
2019-06-18,0.6812893311560517,SYSTEMIC_STRESS,1,BUY_USD
2019-06-19,0.6385117037864522,SYSTEMIC_STRESS,1,BUY_USD
2019-06-20,0.7129136442670315,SYSTEMIC_STRESS,1,BUY_USD
2019-06-21,0.7877731836594928,SYSTEMIC_STRESS,1,BUY_USD
2019-06-24,0.8210789662271744,SYSTEMIC_STRESS,1,BUY_USD
2019-06-25,0.9005146100709798,SYSTEMIC_STRESS,1,BUY_USD
2019-06-26,0.8791805388652152,SYSTEMIC_STRESS,1,BUY_USD
2019-06-27,0.8698807119219107,SYSTEMIC_STRESS,1,BUY_USD
2019-06-28,0.8720182668640591,SYSTEMIC_STRESS,1,BUY_USD
2019-07-01,0.8507566911904678,SYSTEMIC_STRESS,1,BUY_USD
2019-07-02,0.8688738108816572,SYSTEMIC_STRESS,1,BUY_USD
2019-07-03,0.855287025514116,SYSTEMIC_STRESS,1,BUY_USD
2019-07-04,0.7700192796943198,SYSTEMIC_STRESS,1,BUY_USD
2019-07-05,0.8534403058419094,SYSTEMIC_STRESS,1,BUY_USD
2019-07-08,0.8482633208090151,SYSTEMIC_STRESS,1,BUY_USD
2019-07-09,0.85728657594877,SYSTEMIC_STRESS,1,BUY_USD
2019-07-10,0.8284133496638563,SYSTEMIC_STRESS,1,BUY_USD
2019-07-11,0.8085430947221126,SYSTEMIC_STRESS,1,BUY_USD
2019-07-12,0.7993932837109337,SYSTEMIC_STRESS,1,BUY_USD
2019-07-15,0.7625441052963978,SYSTEMIC_STRESS,1,BUY_USD
2019-07-16,0.8163595502499709,SYSTEMIC_STRESS,1,BUY_USD
2019-07-17,0.8771607096589744,SYSTEMIC_STRESS,1,BUY_USD
2019-07-18,0.8230491009208925,SYSTEMIC_STRESS,1,BUY_USD
2019-07-19,0.8020768310819042,SYSTEMIC_STRESS,1,BUY_USD
2019-07-22,0.7706815160093358,SYSTEMIC_STRESS,1,BUY_USD
2019-07-23,0.7533396977494669,SYSTEMIC_STRESS,1,BUY_USD
2019-07-24,0.685498803596444,SYSTEMIC_STRESS,1,BUY_USD
2019-07-25,0.7755976887085935,SYSTEMIC_STRESS,1,BUY_USD
2019-07-26,0.5803725360527638,SYSTEMIC_STRESS,1,BUY_USD
2019-07-29,0.6558652886492482,SYSTEMIC_STRESS,1,BUY_USD
2019-07-30,0.6798116835893615,SYSTEMIC_STRESS,1,BUY_USD
2019-07-31,0.751327568379343,SYSTEMIC_STRESS,1,BUY_USD
2019-08-01,0.7040893809080369,SYSTEMIC_STRESS,1,BUY_USD
2019-08-02,0.7535822360671043,SYSTEMIC_STRESS,1,BUY_USD
2019-08-05,0.8042041346058635,SYSTEMIC_STRESS,1,BUY_USD
2019-08-06,0.7706522832657506,SYSTEMIC_STRESS,1,BUY_USD
2019-08-07,0.7527998415171557,SYSTEMIC_STRESS,1,BUY_USD
2019-08-08,0.7487213764268561,SYSTEMIC_STRESS,1,BUY_USD
2019-08-09,0.8361944973586131,SYSTEMIC_STRESS,1,BUY_USD
2019-08-12,0.7433686513667379,SYSTEMIC_STRESS,1,BUY_USD
2019-08-13,0.7211556912325485,SYSTEMIC_STRESS,1,BUY_USD
2019-08-14,0.7981450823672589,SYSTEMIC_STRESS,1,BUY_USD
2019-08-15,0.7433502584907674,SYSTEMIC_STRESS,1,BUY_USD
2019-08-16,0.7906812430903425,SYSTEMIC_STRESS,1,BUY_USD
2019-08-19,0.7396091548159914,SYSTEMIC_STRESS,1,BUY_USD
2019-08-20,0.7082894693707625,SYSTEMIC_STRESS,1,BUY_USD
2019-08-21,0.6343296517379524,SYSTEMIC_STRESS,1,BUY_USD
2019-08-22,0.735700381197802,SYSTEMIC_STRESS,1,BUY_USD
2019-08-23,0.7729885468511948,SYSTEMIC_STRESS,1,BUY_USD
2019-08-26,0.8212208221343906,SYSTEMIC_STRESS,1,BUY_USD
2019-08-27,0.7779328103483791,SYSTEMIC_STRESS,1,BUY_USD
2019-08-28,0.8170283932005513,SYSTEMIC_STRESS,1,BUY_USD
2019-08-29,0.8177772588973321,SYSTEMIC_STRESS,1,BUY_USD
2019-08-30,0.8242871279347175,SYSTEMIC_STRESS,1,BUY_USD
2019-09-02,0.7952603595201406,SYSTEMIC_STRESS,1,BUY_USD
2019-09-03,0.8675989857490668,SYSTEMIC_STRESS,1,BUY_USD
2019-09-04,0.8348155579716439,SYSTEMIC_STRESS,1,BUY_USD
2019-09-05,0.8013423043382181,SYSTEMIC_STRESS,1,BUY_USD
2019-09-06,0.8397344225718426,SYSTEMIC_STRESS,1,BUY_USD
2019-09-09,0.872106803948716,SYSTEMIC_STRESS,1,BUY_USD
2019-09-10,0.8706749821175725,SYSTEMIC_STRESS,1,BUY_USD
2019-09-11,0.8385735776332855,SYSTEMIC_STRESS,1,BUY_USD
2019-09-12,0.8076162683271749,SYSTEMIC_STRESS,1,BUY_USD
2019-09-13,0.7996041527901608,SYSTEMIC_STRESS,1,BUY_USD
2019-09-16,0.9643762601288076,SYSTEMIC_STRESS,1,BUY_USD
2019-09-17,0.8681829133652069,SYSTEMIC_STRESS,1,BUY_USD
2019-09-18,0.890574714396107,SYSTEMIC_STRESS,1,BUY_USD
2019-09-19,0.9000945579066499,SYSTEMIC_STRESS,1,BUY_USD
2019-09-20,0.8314047507555992,SYSTEMIC_STRESS,1,BUY_USD
2019-09-23,0.8051355795282402,SYSTEMIC_STRESS,1,BUY_USD
2019-09-24,0.8114999225764162,SYSTEMIC_STRESS,1,BUY_USD
2019-09-25,0.7050184847724943,SYSTEMIC_STRESS,1,BUY_USD
2019-09-26,0.7317367116613026,SYSTEMIC_STRESS,1,BUY_USD
2019-09-27,0.7593712090327025,SYSTEMIC_STRESS,1,BUY_USD
2019-09-30,0.7222690798673426,SYSTEMIC_STRESS,1,BUY_USD
2019-10-01,0.750104300821375,SYSTEMIC_STRESS,1,BUY_USD
2019-10-02,0.7394789144324393,SYSTEMIC_STRESS,1,BUY_USD
2019-10-03,0.7519058679292464,SYSTEMIC_STRESS,1,BUY_USD
2019-10-04,0.8057919609163662,SYSTEMIC_STRESS,1,BUY_USD
2019-10-07,0.8573690792039469,SYSTEMIC_STRESS,1,BUY_USD
2019-10-08,0.8431241841838515,SYSTEMIC_STRESS,1,BUY_USD
2019-10-09,0.7440984075077792,SYSTEMIC_STRESS,1,BUY_USD
2019-10-10,0.7380338877023291,SYSTEMIC_STRESS,1,BUY_USD
2019-10-11,0.6942942516983412,SYSTEMIC_STRESS,1,BUY_USD
2019-10-14,0.7902657212141256,SYSTEMIC_STRESS,1,BUY_USD
2019-10-15,0.7341619556838507,SYSTEMIC_STRESS,1,BUY_USD
2019-10-16,0.7356020623733888,SYSTEMIC_STRESS,1,BUY_USD
2019-10-17,0.7296834813628782,SYSTEMIC_STRESS,1,BUY_USD
2019-10-18,0.8162890522182806,SYSTEMIC_STRESS,1,BUY_USD
2019-10-21,0.7220892209137189,SYSTEMIC_STRESS,1,BUY_USD
2019-10-22,0.7704006490770348,SYSTEMIC_STRESS,1,BUY_USD
2019-10-23,0.7381497681625286,SYSTEMIC_STRESS,1,BUY_USD
2019-10-24,0.711777750591221,SYSTEMIC_STRESS,1,BUY_USD
2019-10-25,0.5116153727730463,SYSTEMIC_STRESS,1,HOLD
2019-10-28,0.5625796893717863,SYSTEMIC_STRESS,1,BUY_USD
2019-10-29,0.6645196675033868,SYSTEMIC_STRESS,1,BUY_USD
2019-10-30,0.5456337708944877,SYSTEMIC_STRESS,1,BUY_USD
2019-10-31,0.7384808909031704,SYSTEMIC_STRESS,1,BUY_USD
2019-11-01,0.6895887622197476,SYSTEMIC_STRESS,1,BUY_USD
2019-11-04,0.6831750306518671,SYSTEMIC_STRESS,1,BUY_USD
2019-11-05,0.6024629045150497,SYSTEMIC_STRESS,1,BUY_USD
2019-11-06,0.7008383716116404,SYSTEMIC_STRESS,1,BUY_USD
2019-11-07,0.6788425936525764,SYSTEMIC_STRESS,1,BUY_USD
2019-11-08,0.7464476915563629,SYSTEMIC_STRESS,1,BUY_USD
2019-11-11,0.7064095299168194,SYSTEMIC_STRESS,1,BUY_USD
2019-11-12,0.6429143813378744,SYSTEMIC_STRESS,1,BUY_USD
2019-11-13,0.661415256961636,SYSTEMIC_STRESS,1,BUY_USD
2019-11-14,0.6958480104693316,SYSTEMIC_STRESS,1,BUY_USD
2019-11-15,0.6132725137210122,SYSTEMIC_STRESS,1,BUY_USD
2019-11-18,0.680785358687801,SYSTEMIC_STRESS,1,BUY_USD
2019-11-19,0.7134360405868947,SYSTEMIC_STRESS,1,BUY_USD
2019-11-20,0.7659236883986936,SYSTEMIC_STRESS,1,BUY_USD
2019-11-21,0.7366324190000997,SYSTEMIC_STRESS,1,BUY_USD
2019-11-22,0.6065952049612354,SYSTEMIC_STRESS,1,BUY_USD
2019-11-25,0.5354308569626826,SYSTEMIC_STRESS,1,HOLD
2019-11-26,0.6078924483725721,SYSTEMIC_STRESS,1,BUY_USD
2019-11-27,0.5751540568088599,SYSTEMIC_STRESS,1,BUY_USD
2019-11-28,0.5509208431024974,SYSTEMIC_STRESS,1,BUY_USD
2019-11-29,0.6020095903281822,SYSTEMIC_STRESS,1,BUY_USD
2019-12-02,0.5662635898940427,SYSTEMIC_STRESS,1,BUY_USD
2019-12-03,0.7095569375037148,SYSTEMIC_STRESS,1,BUY_USD
2019-12-04,0.6655734832047991,SYSTEMIC_STRESS,1,BUY_USD
2019-12-05,0.7289084816695037,SYSTEMIC_STRESS,1,BUY_USD
2019-12-06,0.6796507359619302,SYSTEMIC_STRESS,1,BUY_USD
2019-12-09,0.6402526673656117,SYSTEMIC_STRESS,1,BUY_USD
2019-12-10,0.571610838438708,SYSTEMIC_STRESS,1,BUY_USD
2019-12-11,0.6796727282448767,SYSTEMIC_STRESS,1,BUY_USD
2019-12-12,0.7295552873673918,SYSTEMIC_STRESS,1,BUY_USD
2019-12-13,0.760534745559574,SYSTEMIC_STRESS,1,BUY_USD
2019-12-16,0.7957268337438979,SYSTEMIC_STRESS,1,BUY_USD
2019-12-17,0.7992838920006798,SYSTEMIC_STRESS,1,BUY_USD
2019-12-18,0.8278256927167129,SYSTEMIC_STRESS,1,BUY_USD
2019-12-19,0.8062027745973935,SYSTEMIC_STRESS,1,BUY_USD
2019-12-20,0.780644135387345,SYSTEMIC_STRESS,1,BUY_USD
2019-12-23,0.7962515847974818,SYSTEMIC_STRESS,1,BUY_USD
2019-12-24,0.8568931485568627,SYSTEMIC_STRESS,1,BUY_USD
2019-12-25,0.8277935003373925,SYSTEMIC_STRESS,1,BUY_USD
2019-12-26,0.7974531195657188,SYSTEMIC_STRESS,1,BUY_USD
2019-12-27,0.8261003488158032,SYSTEMIC_STRESS,1,BUY_USD
2019-12-30,0.893554169502876,SYSTEMIC_STRESS,1,BUY_USD
2019-12-31,0.6593382583216063,SYSTEMIC_STRESS,1,BUY_USD
2020-01-01,0.5163318600196137,SYSTEMIC_STRESS,1,HOLD
2020-01-02,0.6781017078363049,SYSTEMIC_STRESS,1,BUY_USD
2020-01-03,0.9214605123378997,SYSTEMIC_STRESS,1,BUY_USD
2020-01-06,0.9349356937561217,SYSTEMIC_STRESS,1,BUY_USD
2020-01-07,0.9196969603699248,SYSTEMIC_STRESS,1,BUY_USD
2020-01-08,0.7138097288287683,SYSTEMIC_STRESS,1,BUY_USD
2020-01-09,0.7200836195009085,SYSTEMIC_STRESS,1,BUY_USD
2020-01-10,0.7018198538580455,SYSTEMIC_STRESS,1,BUY_USD
2020-01-13,0.6683741259835068,SYSTEMIC_STRESS,1,BUY_USD
2020-01-14,0.6836966416666876,SYSTEMIC_STRESS,1,BUY_USD
2020-01-15,0.7231787997666301,SYSTEMIC_STRESS,1,BUY_USD
2020-01-16,0.7009864931030506,SYSTEMIC_STRESS,1,BUY_USD
2020-01-17,0.6824379809525978,SYSTEMIC_STRESS,1,BUY_USD
2020-01-20,0.7062025476060201,SYSTEMIC_STRESS,1,BUY_USD
2020-01-21,0.794715511540809,SYSTEMIC_STRESS,1,BUY_USD
2020-01-22,0.7279647966724279,SYSTEMIC_STRESS,1,BUY_USD
2020-01-23,0.7728242817628004,SYSTEMIC_STRESS,1,BUY_USD
2020-01-24,0.7075948780294313,SYSTEMIC_STRESS,1,BUY_USD
2020-01-27,0.6992610264684193,SYSTEMIC_STRESS,1,BUY_USD
2020-01-28,0.6755358625301697,SYSTEMIC_STRESS,1,BUY_USD
2020-01-29,0.6934917532843868,SYSTEMIC_STRESS,1,BUY_USD
2020-01-30,0.7071825261956831,SYSTEMIC_STRESS,1,BUY_USD
2020-01-31,0.6970465561677649,SYSTEMIC_STRESS,1,BUY_USD
2020-02-03,0.6264190993705361,SYSTEMIC_STRESS,1,BUY_USD
2020-02-04,0.6547419840270494,SYSTEMIC_STRESS,1,BUY_USD
2020-02-05,0.6916255009385309,SYSTEMIC_STRESS,1,BUY_USD
2020-02-06,0.6885040732640622,SYSTEMIC_STRESS,1,BUY_USD
2020-02-07,0.6098366980618931,SYSTEMIC_STRESS,1,BUY_USD
2020-02-10,0.5766669867799193,SYSTEMIC_STRESS,1,BUY_USD
2020-02-11,0.5845874623021796,SYSTEMIC_STRESS,1,BUY_USD
2020-02-12,0.5496325377732364,SYSTEMIC_STRESS,1,BUY_USD
2020-02-13,0.6528466021025351,SYSTEMIC_STRESS,1,BUY_USD
2020-02-14,0.5852282326570274,SYSTEMIC_STRESS,1,BUY_USD
2020-02-17,0.6117534668574744,SYSTEMIC_STRESS,1,BUY_USD
2020-02-18,0.629310253261754,SYSTEMIC_STRESS,1,BUY_USD
2020-02-19,0.5701590010406381,SYSTEMIC_STRESS,1,BUY_USD
2020-02-20,0.6211871535711728,SYSTEMIC_STRESS,1,BUY_USD
2020-02-21,0.6755909392964706,SYSTEMIC_STRESS,1,BUY_USD
2020-02-24,0.6668089007440966,SYSTEMIC_STRESS,1,BUY_USD
2020-02-25,0.6116902870492908,SYSTEMIC_STRESS,1,BUY_USD
2020-02-26,0.5519471485954792,SYSTEMIC_STRESS,1,BUY_USD
2020-02-27,0.47580096769751334,SYSTEMIC_STRESS,0,HOLD
2020-02-28,0.4890656947675951,SYSTEMIC_STRESS,0,HOLD
2020-03-02,0.4373644139126326,SYSTEMIC_STRESS,0,SELL_USD
2020-03-03,0.49296630045048184,SYSTEMIC_STRESS,0,HOLD
2020-03-04,0.3164126215247811,SYSTEMIC_STRESS,0,SELL_USD
2020-03-05,0.5708858790517677,SYSTEMIC_STRESS,1,BUY_USD
2020-03-06,0.5853133728902906,SYSTEMIC_STRESS,1,BUY_USD
2020-03-09,0.5803895339727039,SYSTEMIC_STRESS,1,BUY_USD
2020-03-10,0.5085826739897403,SYSTEMIC_STRESS,1,HOLD
2020-03-11,0.5795381219573692,SYSTEMIC_STRESS,1,BUY_USD
2020-03-12,0.3787394605655521,SYSTEMIC_STRESS,0,SELL_USD
2020-03-13,0.1694446665776903,SYSTEMIC_STRESS,0,SELL_USD
2020-03-16,0.30453810355400385,SYSTEMIC_STRESS,0,SELL_USD
2020-03-17,0.16698691629613013,SYSTEMIC_STRESS,0,SELL_USD
2020-03-18,0.2535690216478966,SYSTEMIC_STRESS,0,SELL_USD
2020-03-19,0.22791748184823413,SYSTEMIC_STRESS,0,SELL_USD
2020-03-20,0.22337257440631297,SYSTEMIC_STRESS,0,SELL_USD
2020-03-23,0.28180820774061693,SYSTEMIC_STRESS,0,SELL_USD
2020-03-24,0.22955693982814052,SYSTEMIC_STRESS,0,SELL_USD
2020-03-25,0.2960089511934537,SYSTEMIC_STRESS,0,SELL_USD
2020-03-26,0.2800747949551159,SYSTEMIC_STRESS,0,SELL_USD
2020-03-27,0.3845759926670186,SYSTEMIC_STRESS,0,SELL_USD
2020-03-30,0.3529992037190791,SYSTEMIC_STRESS,0,SELL_USD
2020-03-31,0.2589650271304494,SYSTEMIC_STRESS,0,SELL_USD
2020-04-01,0.2625896269283925,SYSTEMIC_STRESS,0,SELL_USD
2020-04-02,0.22805470710194928,SYSTEMIC_STRESS,0,SELL_USD
2020-04-03,0.26868186368685043,SYSTEMIC_STRESS,0,SELL_USD
2020-04-06,0.20336913730566702,SYSTEMIC_STRESS,0,SELL_USD
2020-04-07,0.2887601701110174,SYSTEMIC_STRESS,0,SELL_USD
2020-04-08,0.24728271508111224,SYSTEMIC_STRESS,0,SELL_USD
2020-04-09,0.3884184217094284,SYSTEMIC_STRESS,0,SELL_USD
2020-04-10,0.3581688920306431,SYSTEMIC_STRESS,0,SELL_USD
2020-04-13,0.4226442173550353,SYSTEMIC_STRESS,0,SELL_USD
2020-04-14,0.36403508257457085,SYSTEMIC_STRESS,0,SELL_USD
2020-04-15,0.4964165380057691,SYSTEMIC_STRESS,0,HOLD
2020-04-16,0.29446184465088143,SYSTEMIC_STRESS,0,SELL_USD
2020-04-17,0.2227654097662185,SYSTEMIC_STRESS,0,SELL_USD
2020-04-20,0.4802119501874534,SYSTEMIC_STRESS,0,HOLD
2020-04-21,0.09669060940045865,SYSTEMIC_STRESS,0,SELL_USD
2020-04-22,0.13387805051238266,SYSTEMIC_STRESS,0,SELL_USD
2020-04-23,0.1906017543587967,SYSTEMIC_STRESS,0,SELL_USD
2020-04-24,0.24629558281550404,SYSTEMIC_STRESS,0,SELL_USD
2020-04-27,0.12442746648145006,SYSTEMIC_STRESS,0,SELL_USD
2020-04-28,0.18397554168758715,SYSTEMIC_STRESS,0,SELL_USD
2020-04-29,0.3492241250045087,SYSTEMIC_STRESS,0,SELL_USD
2020-04-30,0.47991403274271893,SYSTEMIC_STRESS,0,HOLD
2020-05-01,0.48269541753770706,SYSTEMIC_STRESS,0,HOLD
2020-05-04,0.41717533358271675,SYSTEMIC_STRESS,0,SELL_USD
2020-05-05,0.38740851229492373,SYSTEMIC_STRESS,0,SELL_USD
2020-05-06,0.3354774638293042,SYSTEMIC_STRESS,0,SELL_USD
2020-05-07,0.2765314430626795,SYSTEMIC_STRESS,0,SELL_USD
2020-05-08,0.2950044014229248,SYSTEMIC_STRESS,0,SELL_USD
2020-05-11,0.41355663787804375,SYSTEMIC_STRESS,0,SELL_USD
2020-05-12,0.5477737880944099,SYSTEMIC_STRESS,1,BUY_USD
2020-05-13,0.42582956103873854,SYSTEMIC_STRESS,0,SELL_USD
2020-05-14,0.39554409335576185,SYSTEMIC_STRESS,0,SELL_USD
2020-05-15,0.5027241999183808,SYSTEMIC_STRESS,1,HOLD
2020-05-18,0.377277166000392,SYSTEMIC_STRESS,0,SELL_USD
2020-05-19,0.5035830259137073,SYSTEMIC_STRESS,1,HOLD
2020-05-20,0.5453447064517254,SYSTEMIC_STRESS,1,BUY_USD
2020-05-21,0.7018899121739339,SYSTEMIC_STRESS,1,BUY_USD
2020-05-22,0.6399353354817393,SYSTEMIC_STRESS,1,BUY_USD
2020-05-25,0.645235957035194,SYSTEMIC_STRESS,1,BUY_USD
2020-05-26,0.626353222828397,SYSTEMIC_STRESS,1,BUY_USD
2020-05-27,0.6328861957357854,SYSTEMIC_STRESS,1,BUY_USD
2020-05-28,0.48557483331045764,SYSTEMIC_STRESS,0,HOLD
2020-05-29,0.49284053859944577,SYSTEMIC_STRESS,0,HOLD
2020-06-01,0.7199671967312457,SYSTEMIC_STRESS,1,BUY_USD
2020-06-02,0.7621346388623988,SYSTEMIC_STRESS,1,BUY_USD
2020-06-03,0.8087850047382621,SYSTEMIC_STRESS,1,BUY_USD
2020-06-04,0.8353845047602242,SYSTEMIC_STRESS,1,BUY_USD
2020-06-05,0.7742626859207123,SYSTEMIC_STRESS,1,BUY_USD
2020-06-08,0.7650873943122812,SYSTEMIC_STRESS,1,BUY_USD
2020-06-09,0.8204870277428188,SYSTEMIC_STRESS,1,BUY_USD
2020-06-10,0.7725440336395467,SYSTEMIC_STRESS,1,BUY_USD
2020-06-11,0.8453383096429641,SYSTEMIC_STRESS,1,BUY_USD
2020-06-12,0.6395057925993646,SYSTEMIC_STRESS,1,BUY_USD
2020-06-15,0.7459953386764634,SYSTEMIC_STRESS,1,BUY_USD
2020-06-16,0.7093701062448178,SYSTEMIC_STRESS,1,BUY_USD
2020-06-17,0.60246456828367,SYSTEMIC_STRESS,1,BUY_USD
2020-06-18,0.5812754093182821,SYSTEMIC_STRESS,1,BUY_USD
2020-06-19,0.49665121553388136,SYSTEMIC_STRESS,0,HOLD
2020-06-22,0.5001793325678658,SYSTEMIC_STRESS,1,HOLD
2020-06-23,0.5123956585195368,SYSTEMIC_STRESS,1,HOLD
2020-06-24,0.5469283017705127,SYSTEMIC_STRESS,1,BUY_USD
2020-06-25,0.5251650369057579,SYSTEMIC_STRESS,1,HOLD
2020-06-26,0.7516794268363864,SYSTEMIC_STRESS,1,BUY_USD
2020-06-29,0.4847455846488096,SYSTEMIC_STRESS,0,HOLD
2020-06-30,0.5310270662937207,SYSTEMIC_STRESS,1,HOLD
2020-07-01,0.44026388111755266,SYSTEMIC_STRESS,0,HOLD
2020-07-02,0.592467370083344,SYSTEMIC_STRESS,1,BUY_USD
2020-07-03,0.6995466077716374,SYSTEMIC_STRESS,1,BUY_USD
2020-07-06,0.6078404182459517,SYSTEMIC_STRESS,1,BUY_USD
2020-07-07,0.590526837869233,SYSTEMIC_STRESS,1,BUY_USD
2020-07-08,0.593200988728423,SYSTEMIC_STRESS,1,BUY_USD
2020-07-09,0.7404209646643078,SYSTEMIC_STRESS,1,BUY_USD
2020-07-10,0.7978953160383963,SYSTEMIC_STRESS,1,BUY_USD
2020-07-13,0.777022368726287,SYSTEMIC_STRESS,1,BUY_USD
2020-07-14,0.7155728689316991,SYSTEMIC_STRESS,1,BUY_USD
2020-07-15,0.7018040770252055,SYSTEMIC_STRESS,1,BUY_USD
2020-07-16,0.7814975765601075,SYSTEMIC_STRESS,1,BUY_USD
2020-07-17,0.6121754385526021,SYSTEMIC_STRESS,1,BUY_USD
2020-07-20,0.38805724868280084,SYSTEMIC_STRESS,0,SELL_USD
2020-07-21,0.3837312031003435,SYSTEMIC_STRESS,0,SELL_USD
2020-07-22,0.7804350263586661,SYSTEMIC_STRESS,1,BUY_USD
2020-07-23,0.7810623091411995,SYSTEMIC_STRESS,1,BUY_USD
2020-07-24,0.8005773819543349,SYSTEMIC_STRESS,1,BUY_USD
2020-07-27,0.7121486279906855,SYSTEMIC_STRESS,1,BUY_USD
2020-07-28,0.48482024499535015,SYSTEMIC_STRESS,0,HOLD
2020-07-29,0.42456863962517044,SYSTEMIC_STRESS,0,SELL_USD
2020-07-30,0.5275409249411263,SYSTEMIC_STRESS,1,HOLD
2020-07-31,0.4771906342118278,SYSTEMIC_STRESS,0,HOLD
2020-08-03,0.44650910573184194,SYSTEMIC_STRESS,0,HOLD
2020-08-04,0.42532692417690743,SYSTEMIC_STRESS,0,SELL_USD
2020-08-05,0.3841044983280435,SYSTEMIC_STRESS,0,SELL_USD
2020-08-06,0.38078950302306724,SYSTEMIC_STRESS,0,SELL_USD
2020-08-07,0.5824263392737138,SYSTEMIC_STRESS,1,BUY_USD
2020-08-10,0.4575133099394694,SYSTEMIC_STRESS,0,HOLD
2020-08-11,0.5776558819205252,SYSTEMIC_STRESS,1,BUY_USD
2020-08-12,0.4683061642325632,SYSTEMIC_STRESS,0,HOLD
2020-08-13,0.5915378157888971,SYSTEMIC_STRESS,1,BUY_USD
2020-08-14,0.5952470091870777,SYSTEMIC_STRESS,1,BUY_USD
2020-08-17,0.48198673099971423,SYSTEMIC_STRESS,0,HOLD
2020-08-18,0.4663472206667692,SYSTEMIC_STRESS,0,HOLD
2020-08-19,0.47268065312302215,SYSTEMIC_STRESS,0,HOLD
2020-08-20,0.5565666540865926,SYSTEMIC_STRESS,1,BUY_USD
2020-08-21,0.5373689853015559,SYSTEMIC_STRESS,1,HOLD
2020-08-24,0.4141034711797149,SYSTEMIC_STRESS,0,SELL_USD
2020-08-25,0.5232156356831601,SYSTEMIC_STRESS,1,HOLD
2020-08-26,0.5408316853863537,SYSTEMIC_STRESS,1,BUY_USD
2020-08-27,0.5494849388202678,SYSTEMIC_STRESS,1,BUY_USD
2020-08-28,0.46330807627611154,SYSTEMIC_STRESS,0,HOLD
2020-08-31,0.49315096408809134,SYSTEMIC_STRESS,0,HOLD
2020-09-01,0.4265223496114161,SYSTEMIC_STRESS,0,SELL_USD
2020-09-02,0.5730421960827702,SYSTEMIC_STRESS,1,BUY_USD
2020-09-03,0.5992832545321412,SYSTEMIC_STRESS,1,BUY_USD
2020-09-04,0.6707087011119217,SYSTEMIC_STRESS,1,BUY_USD
2020-09-07,0.66709526649423,SYSTEMIC_STRESS,1,BUY_USD
2020-09-08,0.5953019214117632,SYSTEMIC_STRESS,1,BUY_USD
2020-09-09,0.4928351248685567,SYSTEMIC_STRESS,0,HOLD
2020-09-10,0.5885160389535586,SYSTEMIC_STRESS,1,BUY_USD
2020-09-11,0.49406111412297915,SYSTEMIC_STRESS,0,HOLD
2020-09-14,0.4145782939014996,SYSTEMIC_STRESS,0,SELL_USD
2020-09-15,0.5242464254892475,SYSTEMIC_STRESS,1,HOLD
2020-09-16,0.6409953129166948,SYSTEMIC_STRESS,1,BUY_USD
2020-09-17,0.6465582503539626,SYSTEMIC_STRESS,1,BUY_USD
2020-09-18,0.6024863861329346,SYSTEMIC_STRESS,1,BUY_USD
2020-09-21,0.5815956782214387,SYSTEMIC_STRESS,1,BUY_USD
2020-09-22,0.49095431113423843,SYSTEMIC_STRESS,0,HOLD
2020-09-23,0.5068245396373664,SYSTEMIC_STRESS,1,HOLD
2020-09-24,0.44716861070205843,SYSTEMIC_STRESS,0,HOLD
2020-09-25,0.41714798318021695,SYSTEMIC_STRESS,0,SELL_USD
2020-09-28,0.40116650976835944,SYSTEMIC_STRESS,0,SELL_USD
2020-09-29,0.42465098794431794,SYSTEMIC_STRESS,0,SELL_USD
2020-09-30,0.40777694754003585,SYSTEMIC_STRESS,0,SELL_USD
2020-10-01,0.43175820162802336,SYSTEMIC_STRESS,0,SELL_USD
2020-10-02,0.44706430301778793,SYSTEMIC_STRESS,0,HOLD
2020-10-05,0.4164508945895642,SYSTEMIC_STRESS,0,SELL_USD
2020-10-06,0.43698649739051265,SYSTEMIC_STRESS,0,SELL_USD
2020-10-07,0.4158888951174998,SYSTEMIC_STRESS,0,SELL_USD
2020-10-08,0.4173641661105125,SYSTEMIC_STRESS,0,SELL_USD
2020-10-09,0.39480570610271004,SYSTEMIC_STRESS,0,SELL_USD
2020-10-12,0.4330657593920476,SYSTEMIC_STRESS,0,SELL_USD
2020-10-13,0.49871169559382883,SYSTEMIC_STRESS,0,HOLD
2020-10-14,0.4849345084898563,SYSTEMIC_STRESS,0,HOLD
2020-10-15,0.3950965493061739,SYSTEMIC_STRESS,0,SELL_USD
2020-10-16,0.3738575175869704,SYSTEMIC_STRESS,0,SELL_USD
2020-10-19,0.4555703453948694,SYSTEMIC_STRESS,0,HOLD
2020-10-20,0.4700124655762845,SYSTEMIC_STRESS,0,HOLD
2020-10-21,0.5545016074114016,SYSTEMIC_STRESS,1,BUY_USD
2020-10-22,0.5476870357034714,SYSTEMIC_STRESS,1,BUY_USD
2020-10-23,0.5550524869269515,SYSTEMIC_STRESS,1,BUY_USD
2020-10-26,0.6442874018446801,SYSTEMIC_STRESS,1,BUY_USD
2020-10-27,0.42935605743883076,SYSTEMIC_STRESS,0,SELL_USD
2020-10-28,0.4669024447589773,SYSTEMIC_STRESS,0,HOLD
2020-10-29,0.33936073116151844,SYSTEMIC_STRESS,0,SELL_USD
2020-10-30,0.3545251743902006,SYSTEMIC_STRESS,0,SELL_USD
2020-11-02,0.32995236189990107,SYSTEMIC_STRESS,0,SELL_USD
2020-11-03,0.36387584937409123,SYSTEMIC_STRESS,0,SELL_USD
2020-11-04,0.4973763907277632,SYSTEMIC_STRESS,0,HOLD
2020-11-05,0.4717789865166315,SYSTEMIC_STRESS,0,HOLD
2020-11-06,0.3632856023396835,SYSTEMIC_STRESS,0,SELL_USD
2020-11-09,0.4073446355745951,SYSTEMIC_STRESS,0,SELL_USD
2020-11-10,0.47043863809230896,SYSTEMIC_STRESS,0,HOLD
2020-11-11,0.39959046443333707,SYSTEMIC_STRESS,0,SELL_USD
2020-11-12,0.3961300846331497,SYSTEMIC_STRESS,0,SELL_USD
2020-11-13,0.3241653074078248,SYSTEMIC_STRESS,0,SELL_USD
2020-11-16,0.363697891016067,SYSTEMIC_STRESS,0,SELL_USD
2020-11-17,0.4260356895185754,SYSTEMIC_STRESS,0,SELL_USD
2020-11-18,0.43820949888345484,SYSTEMIC_STRESS,0,SELL_USD
2020-11-19,0.492243644945802,SYSTEMIC_STRESS,0,HOLD
2020-11-20,0.41390338979429675,SYSTEMIC_STRESS,0,SELL_USD
2020-11-23,0.5179842676721171,SYSTEMIC_STRESS,1,HOLD
2020-11-24,0.44209974634619714,SYSTEMIC_STRESS,0,HOLD
2020-11-25,0.5445463828502254,SYSTEMIC_STRESS,1,BUY_USD
2020-11-26,0.4117541439550648,SYSTEMIC_STRESS,0,SELL_USD
2020-11-27,0.5130729474404214,SYSTEMIC_STRESS,1,HOLD
2020-11-30,0.6012877337095657,SYSTEMIC_STRESS,1,BUY_USD
2020-12-01,0.6515669367191206,SYSTEMIC_STRESS,1,BUY_USD
2020-12-02,0.6668374913637075,SYSTEMIC_STRESS,1,BUY_USD
2020-12-03,0.680914946918522,SYSTEMIC_STRESS,1,BUY_USD
2020-12-04,0.6565910221416368,SYSTEMIC_STRESS,1,BUY_USD
2020-12-07,0.6994940241007818,SYSTEMIC_STRESS,1,BUY_USD
2020-12-08,0.5128787268313283,SYSTEMIC_STRESS,1,HOLD
2020-12-09,0.5644770903817082,SYSTEMIC_STRESS,1,BUY_USD
2020-12-10,0.47424513213271896,SYSTEMIC_STRESS,0,HOLD
2020-12-11,0.5136477676875792,SYSTEMIC_STRESS,1,HOLD
2020-12-14,0.5761060164889411,SYSTEMIC_STRESS,1,BUY_USD
2020-12-15,0.48423564341108405,SYSTEMIC_STRESS,0,HOLD
2020-12-16,0.4686171109393915,SYSTEMIC_STRESS,0,HOLD
2020-12-17,0.469688722899878,SYSTEMIC_STRESS,0,HOLD
2020-12-18,0.7775530924229077,SYSTEMIC_STRESS,1,BUY_USD
2020-12-21,0.7654004879682649,SYSTEMIC_STRESS,1,BUY_USD
2020-12-22,0.7600590326194474,SYSTEMIC_STRESS,1,BUY_USD
2020-12-23,0.5960528793129127,SYSTEMIC_STRESS,1,BUY_USD
2020-12-24,0.7308485509019996,SYSTEMIC_STRESS,1,BUY_USD
2020-12-25,0.6383825186403612,SYSTEMIC_STRESS,1,BUY_USD
2020-12-28,0.5766007052216732,SYSTEMIC_STRESS,1,BUY_USD
2020-12-29,0.638815462353143,SYSTEMIC_STRESS,1,BUY_USD
2020-12-30,0.5842153895783291,SYSTEMIC_STRESS,1,BUY_USD
2020-12-31,0.5169336876697141,SYSTEMIC_STRESS,1,HOLD
2021-01-01,0.6629556351248607,SYSTEMIC_STRESS,1,BUY_USD
2021-01-04,0.5531433302494977,SYSTEMIC_STRESS,1,BUY_USD
2021-01-05,0.5738014129868372,SYSTEMIC_STRESS,1,BUY_USD
2021-01-06,0.6198997707925732,SYSTEMIC_STRESS,1,BUY_USD
2021-01-07,0.5232910997100911,SYSTEMIC_STRESS,1,HOLD
2021-01-08,0.5105927735812388,SYSTEMIC_STRESS,1,HOLD
2021-01-11,0.6624753799091111,SYSTEMIC_STRESS,1,BUY_USD
2021-01-12,0.4122435175239379,SYSTEMIC_STRESS,0,SELL_USD
2021-01-13,0.41939384941024327,SYSTEMIC_STRESS,0,SELL_USD
2021-01-14,0.4177631643448257,SYSTEMIC_STRESS,0,SELL_USD
2021-01-15,0.6293838425498988,SYSTEMIC_STRESS,1,BUY_USD
2021-01-18,0.5123889952183264,SYSTEMIC_STRESS,1,HOLD
2021-01-19,0.584036867019441,SYSTEMIC_STRESS,1,BUY_USD
2021-01-20,0.5596650236994498,SYSTEMIC_STRESS,1,BUY_USD
2021-01-21,0.6389606367628712,SYSTEMIC_STRESS,1,BUY_USD
2021-01-22,0.7509924830362097,SYSTEMIC_STRESS,1,BUY_USD
2021-01-25,0.5638384193291146,SYSTEMIC_STRESS,1,BUY_USD
2021-01-26,0.6373979663770077,SYSTEMIC_STRESS,1,BUY_USD
2021-01-27,0.6469413581890312,SYSTEMIC_STRESS,1,BUY_USD
2021-01-28,0.5558689532442123,SYSTEMIC_STRESS,1,BUY_USD
2021-01-29,0.560858194383758,SYSTEMIC_STRESS,1,BUY_USD
2021-02-01,0.5466168998613139,SYSTEMIC_STRESS,1,BUY_USD
2021-02-02,0.6483532787431721,SYSTEMIC_STRESS,1,BUY_USD
2021-02-03,0.6539045610227924,SYSTEMIC_STRESS,1,BUY_USD
2021-02-04,0.6023224301848435,SYSTEMIC_STRESS,1,BUY_USD
2021-02-05,0.47865001817614494,SYSTEMIC_STRESS,0,HOLD
2021-02-08,0.43710945724034045,SYSTEMIC_STRESS,0,SELL_USD
2021-02-09,0.4352840730352212,SYSTEMIC_STRESS,0,SELL_USD
2021-02-10,0.4227486659934758,SYSTEMIC_STRESS,0,SELL_USD
2021-02-11,0.520994567502121,SYSTEMIC_STRESS,1,HOLD
2021-02-12,0.5506374054225986,SYSTEMIC_STRESS,1,BUY_USD
2021-02-15,0.5458360480704773,SYSTEMIC_STRESS,1,BUY_USD
2021-02-16,0.5056327228677775,SYSTEMIC_STRESS,1,HOLD
2021-02-17,0.46245840765687407,SYSTEMIC_STRESS,0,HOLD
2021-02-18,0.4994527054385827,SYSTEMIC_STRESS,0,HOLD
2021-02-19,0.38481898561175815,SYSTEMIC_STRESS,0,SELL_USD
2021-02-22,0.5237883333477076,SYSTEMIC_STRESS,1,HOLD
2021-02-23,0.4289580558124272,SYSTEMIC_STRESS,0,SELL_USD
2021-02-24,0.7366560368337982,SYSTEMIC_STRESS,1,BUY_USD
2021-02-25,0.7494567538627436,SYSTEMIC_STRESS,1,BUY_USD
2021-02-26,0.499908906723316,SYSTEMIC_STRESS,0,HOLD
2021-03-01,0.2994795682866367,SYSTEMIC_STRESS,0,SELL_USD
2021-03-02,0.2965782514231343,SYSTEMIC_STRESS,0,SELL_USD
2021-03-03,0.32852109940074425,SYSTEMIC_STRESS,0,SELL_USD
2021-03-04,0.6745366546895496,SYSTEMIC_STRESS,1,BUY_USD
2021-03-05,0.6550434938060388,SYSTEMIC_STRESS,1,BUY_USD
2021-03-08,0.720905081777502,SYSTEMIC_STRESS,1,BUY_USD
2021-03-09,0.6388687029161193,SYSTEMIC_STRESS,1,BUY_USD
2021-03-10,0.6845659544359932,SYSTEMIC_STRESS,1,BUY_USD
2021-03-11,0.7371633617686508,SYSTEMIC_STRESS,1,BUY_USD
2021-03-12,0.8649560149666573,SYSTEMIC_STRESS,1,BUY_USD
2021-03-15,0.8501677631292858,SYSTEMIC_STRESS,1,BUY_USD
2021-03-16,0.7906373033755356,SYSTEMIC_STRESS,1,BUY_USD
2021-03-17,0.8504624688127065,SYSTEMIC_STRESS,1,BUY_USD
2021-03-18,0.500526991199455,SYSTEMIC_STRESS,1,HOLD
2021-03-19,0.45140842048571084,SYSTEMIC_STRESS,0,HOLD
2021-03-22,0.7092752697803572,SYSTEMIC_STRESS,1,BUY_USD
2021-03-23,0.5819230555580963,SYSTEMIC_STRESS,1,BUY_USD
2021-03-24,0.6640033355468546,SYSTEMIC_STRESS,1,BUY_USD
2021-03-25,0.36913849103423957,SYSTEMIC_STRESS,0,SELL_USD
2021-03-26,0.4253344687369367,SYSTEMIC_STRESS,0,SELL_USD
2021-03-29,0.41891754667155645,SYSTEMIC_STRESS,0,SELL_USD
2021-03-30,0.432256512433076,SYSTEMIC_STRESS,0,SELL_USD
2021-03-31,0.44807782098870363,SYSTEMIC_STRESS,0,HOLD
2021-04-01,0.8282065013319994,SYSTEMIC_STRESS,1,BUY_USD
2021-04-02,0.7620111453721584,SYSTEMIC_STRESS,1,BUY_USD
2021-04-05,0.6374700425541394,SYSTEMIC_STRESS,1,BUY_USD
2021-04-06,0.5902417196693546,SYSTEMIC_STRESS,1,BUY_USD
2021-04-07,0.73257415433554,SYSTEMIC_STRESS,1,BUY_USD
2021-04-08,0.6998819602600089,SYSTEMIC_STRESS,1,BUY_USD
2021-04-09,0.8003783114936497,SYSTEMIC_STRESS,1,BUY_USD
2021-04-12,0.5703984962579237,SYSTEMIC_STRESS,1,BUY_USD
2021-04-13,0.5386017239524153,SYSTEMIC_STRESS,1,HOLD
2021-04-14,0.861083591698399,SYSTEMIC_STRESS,1,BUY_USD
2021-04-15,0.8627067857007279,SYSTEMIC_STRESS,1,BUY_USD
2021-04-16,0.8711579422334721,SYSTEMIC_STRESS,1,BUY_USD
2021-04-19,0.8825390186166324,SYSTEMIC_STRESS,1,BUY_USD
2021-04-20,0.6780853183167543,SYSTEMIC_STRESS,1,BUY_USD
2021-04-21,0.5538608512841036,SYSTEMIC_STRESS,1,BUY_USD
2021-04-22,0.6130131417664668,SYSTEMIC_STRESS,1,BUY_USD
2021-04-23,0.563855591515622,SYSTEMIC_STRESS,1,BUY_USD
2021-04-26,0.5157436613342572,SYSTEMIC_STRESS,1,HOLD
2021-04-27,0.8011357360262731,SYSTEMIC_STRESS,1,BUY_USD
2021-04-28,0.7997953365580934,SYSTEMIC_STRESS,1,BUY_USD
2021-04-29,0.8741092037626758,SYSTEMIC_STRESS,1,BUY_USD
2021-04-30,0.7571450880538108,SYSTEMIC_STRESS,1,BUY_USD
2021-05-03,0.7662413305036003,SYSTEMIC_STRESS,1,BUY_USD
2021-05-04,0.8392182111670777,SYSTEMIC_STRESS,1,BUY_USD
2021-05-05,0.7734880386223101,SYSTEMIC_STRESS,1,BUY_USD
2021-05-06,0.7470674561138597,SYSTEMIC_STRESS,1,BUY_USD
2021-05-07,0.8677888197724896,SYSTEMIC_STRESS,1,BUY_USD
2021-05-10,0.8745663717630078,SYSTEMIC_STRESS,1,BUY_USD
2021-05-11,0.9026351202078449,SYSTEMIC_STRESS,1,BUY_USD
2021-05-12,0.8574349163437571,SYSTEMIC_STRESS,1,BUY_USD
2021-05-13,0.8689665591513028,SYSTEMIC_STRESS,1,BUY_USD
2021-05-14,0.8960408302128573,SYSTEMIC_STRESS,1,BUY_USD
2021-05-17,0.9105321232875402,SYSTEMIC_STRESS,1,BUY_USD
2021-05-18,0.7904942256072169,SYSTEMIC_STRESS,1,BUY_USD
2021-05-19,0.8669159286663068,SYSTEMIC_STRESS,1,BUY_USD
2021-05-20,0.5465692665916182,SYSTEMIC_STRESS,1,BUY_USD
2021-05-21,0.8106600074425528,SYSTEMIC_STRESS,1,BUY_USD
2021-05-24,0.7849101744835114,SYSTEMIC_STRESS,1,BUY_USD
2021-05-25,0.823311707978962,SYSTEMIC_STRESS,1,BUY_USD
2021-05-26,0.7889166663510422,SYSTEMIC_STRESS,1,BUY_USD
2021-05-27,0.825394028866336,SYSTEMIC_STRESS,1,BUY_USD
2021-05-28,0.8280861935952525,SYSTEMIC_STRESS,1,BUY_USD
2021-05-31,0.8762763798812254,SYSTEMIC_STRESS,1,BUY_USD
2021-06-01,0.8765404402552003,SYSTEMIC_STRESS,1,BUY_USD
2021-06-02,0.8302649771552143,SYSTEMIC_STRESS,1,BUY_USD
2021-06-03,0.9357989778269087,SYSTEMIC_STRESS,1,BUY_USD
2021-06-04,0.8938646562749213,SYSTEMIC_STRESS,1,BUY_USD
2021-06-07,0.9047356930461035,SYSTEMIC_STRESS,1,BUY_USD
2021-06-08,0.8750853031408454,SYSTEMIC_STRESS,1,BUY_USD
2021-06-09,0.8729727265778324,SYSTEMIC_STRESS,1,BUY_USD
2021-06-10,0.8487355772893354,SYSTEMIC_STRESS,1,BUY_USD
2021-06-11,0.8848812382666207,SYSTEMIC_STRESS,1,BUY_USD
2021-06-14,0.8527004445257438,SYSTEMIC_STRESS,1,BUY_USD
2021-06-15,0.8484628805233876,SYSTEMIC_STRESS,1,BUY_USD
2021-06-16,0.7908386401360625,SYSTEMIC_STRESS,1,BUY_USD
2021-06-17,0.6654844510196378,SYSTEMIC_STRESS,1,BUY_USD
2021-06-18,0.725213509685692,SYSTEMIC_STRESS,1,BUY_USD
2021-06-21,0.6725641283644175,SYSTEMIC_STRESS,1,BUY_USD
2021-06-22,0.7084425989127137,SYSTEMIC_STRESS,1,BUY_USD
2021-06-23,0.759183217856491,SYSTEMIC_STRESS,1,BUY_USD
2021-06-24,0.8316924808137043,SYSTEMIC_STRESS,1,BUY_USD
2021-06-25,0.8461231063926905,SYSTEMIC_STRESS,1,BUY_USD
2021-06-28,0.850694885880858,SYSTEMIC_STRESS,1,BUY_USD
2021-06-29,0.8559558730873689,SYSTEMIC_STRESS,1,BUY_USD
2021-06-30,0.8745429019102189,SYSTEMIC_STRESS,1,BUY_USD
2021-07-01,0.8563317243681771,SYSTEMIC_STRESS,1,BUY_USD
2021-07-02,0.8037953766352409,SYSTEMIC_STRESS,1,BUY_USD
2021-07-05,0.8390439524171529,SYSTEMIC_STRESS,1,BUY_USD
2021-07-06,0.8604036402838949,SYSTEMIC_STRESS,1,BUY_USD
2021-07-07,0.7932825085098087,SYSTEMIC_STRESS,1,BUY_USD
2021-07-08,0.7795963676298023,SYSTEMIC_STRESS,1,BUY_USD
2021-07-09,0.745452521306053,SYSTEMIC_STRESS,1,BUY_USD
2021-07-12,0.7910169178870462,SYSTEMIC_STRESS,1,BUY_USD
2021-07-13,0.8278677847584911,SYSTEMIC_STRESS,1,BUY_USD
2021-07-14,0.8354418409683441,SYSTEMIC_STRESS,1,BUY_USD
2021-07-15,0.8750049447178445,SYSTEMIC_STRESS,1,BUY_USD
2021-07-16,0.8333772563230282,SYSTEMIC_STRESS,1,BUY_USD
2021-07-19,0.8577890858303528,SYSTEMIC_STRESS,1,BUY_USD
2021-07-20,0.790478484889873,SYSTEMIC_STRESS,1,BUY_USD
2021-07-21,0.8408327029258882,SYSTEMIC_STRESS,1,BUY_USD
2021-07-22,0.8198800798574342,SYSTEMIC_STRESS,1,BUY_USD
2021-07-23,0.890806000724912,SYSTEMIC_STRESS,1,BUY_USD
2021-07-26,0.8219500283877321,SYSTEMIC_STRESS,1,BUY_USD
2021-07-27,0.8465063030359374,SYSTEMIC_STRESS,1,BUY_USD
2021-07-28,0.7862821139770269,SYSTEMIC_STRESS,1,BUY_USD
2021-07-29,0.7572655742904756,SYSTEMIC_STRESS,1,BUY_USD
2021-07-30,0.8023365962440707,SYSTEMIC_STRESS,1,BUY_USD
2021-08-02,0.9083698503870951,SYSTEMIC_STRESS,1,BUY_USD
2021-08-03,0.7916112011720748,SYSTEMIC_STRESS,1,BUY_USD
2021-08-04,0.777976690041408,SYSTEMIC_STRESS,1,BUY_USD
2021-08-05,0.7751441935788067,SYSTEMIC_STRESS,1,BUY_USD
2021-08-06,0.7170026036025057,SYSTEMIC_STRESS,1,BUY_USD
2021-08-09,0.6762457924980527,SYSTEMIC_STRESS,1,BUY_USD
2021-08-10,0.7325233082172756,SYSTEMIC_STRESS,1,BUY_USD
2021-08-11,0.7171138632701181,SYSTEMIC_STRESS,1,BUY_USD
2021-08-12,0.8333561879792848,SYSTEMIC_STRESS,1,BUY_USD
2021-08-13,0.839426668073986,SYSTEMIC_STRESS,1,BUY_USD
2021-08-16,0.7931259921046656,SYSTEMIC_STRESS,1,BUY_USD
2021-08-17,0.7425265020487608,SYSTEMIC_STRESS,1,BUY_USD
2021-08-18,0.7082712796805757,SYSTEMIC_STRESS,1,BUY_USD
2021-08-19,0.6831520635919163,SYSTEMIC_STRESS,1,BUY_USD
2021-08-20,0.3865642273404337,SYSTEMIC_STRESS,0,SELL_USD
2021-08-23,0.7792450396769455,SYSTEMIC_STRESS,1,BUY_USD
2021-08-24,0.8111710646691538,SYSTEMIC_STRESS,1,BUY_USD
2021-08-25,0.817037869633497,SYSTEMIC_STRESS,1,BUY_USD
2021-08-26,0.8703002391022552,SYSTEMIC_STRESS,1,BUY_USD
2021-08-27,0.7475214014163616,SYSTEMIC_STRESS,1,BUY_USD
2021-08-30,0.7922413260088329,SYSTEMIC_STRESS,1,BUY_USD
2021-08-31,0.8509467615625972,SYSTEMIC_STRESS,1,BUY_USD
2021-09-01,0.8845954798476812,SYSTEMIC_STRESS,1,BUY_USD
2021-09-02,0.928903297370207,SYSTEMIC_STRESS,1,BUY_USD
2021-09-03,0.9097237349456543,SYSTEMIC_STRESS,1,BUY_USD
2021-09-06,0.9123073347515234,SYSTEMIC_STRESS,1,BUY_USD
2021-09-07,0.9063062612934112,SYSTEMIC_STRESS,1,BUY_USD
2021-09-08,0.9047109360505992,SYSTEMIC_STRESS,1,BUY_USD
2021-09-09,0.8504750141012298,SYSTEMIC_STRESS,1,BUY_USD
2021-09-10,0.7607805831015553,SYSTEMIC_STRESS,1,BUY_USD
2021-09-13,0.8165495391515821,SYSTEMIC_STRESS,1,BUY_USD
2021-09-14,0.8665050809849717,SYSTEMIC_STRESS,1,BUY_USD
2021-09-15,0.8151217903199826,SYSTEMIC_STRESS,1,BUY_USD
2021-09-16,0.8505404917488233,SYSTEMIC_STRESS,1,BUY_USD
2021-09-17,0.8324558324664629,SYSTEMIC_STRESS,1,BUY_USD
2021-09-20,0.7644677492593135,SYSTEMIC_STRESS,1,BUY_USD
2021-09-21,0.7047566581278651,SYSTEMIC_STRESS,1,BUY_USD
2021-09-22,0.7444676619693867,SYSTEMIC_STRESS,1,BUY_USD
2021-09-23,0.752731669268571,SYSTEMIC_STRESS,1,BUY_USD
2021-09-24,0.797748110178463,SYSTEMIC_STRESS,1,BUY_USD
2021-09-27,0.7158717582544197,SYSTEMIC_STRESS,1,BUY_USD
2021-09-28,0.7385250551112532,SYSTEMIC_STRESS,1,BUY_USD
2021-09-29,0.7713932208379181,SYSTEMIC_STRESS,1,BUY_USD
2021-09-30,0.6301667372679147,SYSTEMIC_STRESS,1,BUY_USD
2021-10-01,0.6794724230948525,SYSTEMIC_STRESS,1,BUY_USD
2021-10-04,0.7215636373748053,SYSTEMIC_STRESS,1,BUY_USD
2021-10-05,0.6750601798314144,SYSTEMIC_STRESS,1,BUY_USD
2021-10-06,0.7012776671458628,SYSTEMIC_STRESS,1,BUY_USD
2021-10-07,0.5828156609054975,SYSTEMIC_STRESS,1,BUY_USD
2021-10-08,0.5858701759100309,SYSTEMIC_STRESS,1,BUY_USD
2021-10-11,0.6552227473225267,SYSTEMIC_STRESS,1,BUY_USD
2021-10-12,0.6389059804965378,SYSTEMIC_STRESS,1,BUY_USD
2021-10-13,0.5604705834078193,SYSTEMIC_STRESS,1,BUY_USD
2021-10-14,0.6511691645959065,SYSTEMIC_STRESS,1,BUY_USD
2021-10-15,0.5969202902016104,SYSTEMIC_STRESS,1,BUY_USD
2021-10-18,0.7146686282629262,SYSTEMIC_STRESS,1,BUY_USD
2021-10-19,0.7109308537073797,SYSTEMIC_STRESS,1,BUY_USD
2021-10-20,0.8059100022218627,SYSTEMIC_STRESS,1,BUY_USD
2021-10-21,0.8417605805909456,SYSTEMIC_STRESS,1,BUY_USD
2021-10-22,0.8413723613513083,SYSTEMIC_STRESS,1,BUY_USD
2021-10-25,0.8122863472490776,SYSTEMIC_STRESS,1,BUY_USD
2021-10-26,0.9011687634374796,SYSTEMIC_STRESS,1,BUY_USD
2021-10-27,0.901990515989571,SYSTEMIC_STRESS,1,BUY_USD
2021-10-28,0.869840071186823,SYSTEMIC_STRESS,1,BUY_USD
2021-10-29,0.8801671203848862,SYSTEMIC_STRESS,1,BUY_USD
2021-11-01,0.8106515955013698,SYSTEMIC_STRESS,1,BUY_USD
2021-11-02,0.85414271310879,SYSTEMIC_STRESS,1,BUY_USD
2021-11-03,0.78435475316069,SYSTEMIC_STRESS,1,BUY_USD
2021-11-04,0.8481640483330606,SYSTEMIC_STRESS,1,BUY_USD
2021-11-05,0.8532289459160317,SYSTEMIC_STRESS,1,BUY_USD
2021-11-08,0.8221056487705957,SYSTEMIC_STRESS,1,BUY_USD
2021-11-09,0.911056995297058,SYSTEMIC_STRESS,1,BUY_USD
2021-11-10,0.9131183194280743,SYSTEMIC_STRESS,1,BUY_USD
2021-11-11,0.8816566796152411,SYSTEMIC_STRESS,1,BUY_USD
2021-11-12,0.8557045470823945,SYSTEMIC_STRESS,1,BUY_USD
2021-11-15,0.8481450509835115,SYSTEMIC_STRESS,1,BUY_USD
2021-11-16,0.8310622150733076,SYSTEMIC_STRESS,1,BUY_USD
2021-11-17,0.8488218022746798,SYSTEMIC_STRESS,1,BUY_USD
2021-11-18,0.7014313128641039,SYSTEMIC_STRESS,1,BUY_USD
2021-11-19,0.716273256315019,SYSTEMIC_STRESS,1,BUY_USD
2021-11-22,0.7476032616880944,SYSTEMIC_STRESS,1,BUY_USD
2021-11-23,0.807776665573888,SYSTEMIC_STRESS,1,BUY_USD
2021-11-24,0.8103261565966213,SYSTEMIC_STRESS,1,BUY_USD
2021-11-25,0.7637786782480277,SYSTEMIC_STRESS,1,BUY_USD
2021-11-26,0.8438415704318363,SYSTEMIC_STRESS,1,BUY_USD
2021-11-29,0.7034988393390089,SYSTEMIC_STRESS,1,BUY_USD
2021-11-30,0.7175464761015983,SYSTEMIC_STRESS,1,BUY_USD
2021-12-01,0.7602898717690867,SYSTEMIC_STRESS,1,BUY_USD
2021-12-02,0.680784329951555,SYSTEMIC_STRESS,1,BUY_USD
2021-12-03,0.8173899992976562,SYSTEMIC_STRESS,1,BUY_USD
2021-12-06,0.8682918714955057,SYSTEMIC_STRESS,1,BUY_USD
2021-12-07,0.6972613189281022,SYSTEMIC_STRESS,1,BUY_USD
2021-12-08,0.6588906763246971,SYSTEMIC_STRESS,1,BUY_USD
2021-12-09,0.7593934489040179,SYSTEMIC_STRESS,1,BUY_USD
2021-12-10,0.7879947457212577,SYSTEMIC_STRESS,1,BUY_USD
2021-12-13,0.7715205763310499,SYSTEMIC_STRESS,1,BUY_USD
2021-12-14,0.8385780203716678,SYSTEMIC_STRESS,1,BUY_USD
2021-12-15,0.7036361762071341,SYSTEMIC_STRESS,1,BUY_USD
2021-12-16,0.6380354479993353,SYSTEMIC_STRESS,1,BUY_USD
2021-12-17,0.7436333055557921,SYSTEMIC_STRESS,1,BUY_USD
2021-12-20,0.7795339357506543,SYSTEMIC_STRESS,1,BUY_USD
2021-12-21,0.5311708443169953,SYSTEMIC_STRESS,1,HOLD
2021-12-22,0.5163424119757644,SYSTEMIC_STRESS,1,HOLD
2021-12-23,0.5650405372501347,SYSTEMIC_STRESS,1,BUY_USD
2021-12-24,0.6136386775830064,SYSTEMIC_STRESS,1,BUY_USD
2021-12-27,0.49194009269297706,SYSTEMIC_STRESS,0,HOLD
2021-12-28,0.6394762185334251,SYSTEMIC_STRESS,1,BUY_USD
2021-12-29,0.6834436141890768,SYSTEMIC_STRESS,1,BUY_USD
2021-12-30,0.6914277567443666,SYSTEMIC_STRESS,1,BUY_USD
2021-12-31,0.674664224704547,SYSTEMIC_STRESS,1,BUY_USD
2022-01-03,0.6292444528473753,SYSTEMIC_STRESS,1,BUY_USD
2022-01-04,0.7192824133830592,SYSTEMIC_STRESS,1,BUY_USD
2022-01-05,0.793343679316346,SYSTEMIC_STRESS,1,BUY_USD
2022-01-06,0.7787383818518498,SYSTEMIC_STRESS,1,BUY_USD
2022-01-07,0.7366588567351307,SYSTEMIC_STRESS,1,BUY_USD
2022-01-10,0.7946152674990499,SYSTEMIC_STRESS,1,BUY_USD
2022-01-11,0.7078126380322858,SYSTEMIC_STRESS,1,BUY_USD
2022-01-12,0.7442580933940972,SYSTEMIC_STRESS,1,BUY_USD
2022-01-13,0.7888341333097575,SYSTEMIC_STRESS,1,BUY_USD
2022-01-14,0.7754021097243508,SYSTEMIC_STRESS,1,BUY_USD
2022-01-17,0.7456606843474859,SYSTEMIC_STRESS,1,BUY_USD
2022-01-18,0.7800513154099875,SYSTEMIC_STRESS,1,BUY_USD
2022-01-19,0.6468794971696943,SYSTEMIC_STRESS,1,BUY_USD
2022-01-20,0.641491280795378,SYSTEMIC_STRESS,1,BUY_USD
2022-01-21,0.6878792582993273,SYSTEMIC_STRESS,1,BUY_USD
2022-01-24,0.7385707644890818,SYSTEMIC_STRESS,1,BUY_USD
2022-01-25,0.7134394590663293,SYSTEMIC_STRESS,1,BUY_USD
2022-01-26,0.675478677636586,SYSTEMIC_STRESS,1,BUY_USD
2022-01-27,0.7353217175642067,SYSTEMIC_STRESS,1,BUY_USD
2022-01-28,0.7373629168002835,SYSTEMIC_STRESS,1,BUY_USD
2022-01-31,0.760253848840903,SYSTEMIC_STRESS,1,BUY_USD
2022-02-01,0.7503489522956868,SYSTEMIC_STRESS,1,BUY_USD
2022-02-02,0.7609110414549329,SYSTEMIC_STRESS,1,BUY_USD
2022-02-03,0.7221462034158139,SYSTEMIC_STRESS,1,BUY_USD
2022-02-04,0.5973266528207568,SYSTEMIC_STRESS,1,BUY_USD
2022-02-07,0.6394406442466141,SYSTEMIC_STRESS,1,BUY_USD
2022-02-08,0.5559926507906279,SYSTEMIC_STRESS,1,BUY_USD
2022-02-09,0.5739312382493351,SYSTEMIC_STRESS,1,BUY_USD
2022-02-10,0.7793439964300103,SYSTEMIC_STRESS,1,BUY_USD
2022-02-11,0.8657233787148589,SYSTEMIC_STRESS,1,BUY_USD
2022-02-14,0.8279512240644176,SYSTEMIC_STRESS,1,BUY_USD
2022-02-15,0.6850366778400803,SYSTEMIC_STRESS,1,BUY_USD
2022-02-16,0.8440547885155767,SYSTEMIC_STRESS,1,BUY_USD
2022-02-17,0.8784256693248543,SYSTEMIC_STRESS,1,BUY_USD
2022-02-18,0.8946394653788985,SYSTEMIC_STRESS,1,BUY_USD
2022-02-21,0.7941141070353908,SYSTEMIC_STRESS,1,BUY_USD
2022-02-22,0.7982468602174984,SYSTEMIC_STRESS,1,BUY_USD
2022-02-23,0.8187983258323536,SYSTEMIC_STRESS,1,BUY_USD
2022-02-24,0.8400959596148291,SYSTEMIC_STRESS,1,BUY_USD
2022-02-25,0.6658733612322695,SYSTEMIC_STRESS,1,BUY_USD
2022-02-28,0.8609209003859151,SYSTEMIC_STRESS,1,BUY_USD
2022-03-01,0.8270072532397456,SYSTEMIC_STRESS,1,BUY_USD
2022-03-02,0.7173094028628818,SYSTEMIC_STRESS,1,BUY_USD
2022-03-03,0.8897335247247273,SYSTEMIC_STRESS,1,BUY_USD
2022-03-04,0.9097611845492807,SYSTEMIC_STRESS,1,BUY_USD
2022-03-07,0.9106210926676355,SYSTEMIC_STRESS,1,BUY_USD
2022-03-08,0.8281669137663448,SYSTEMIC_STRESS,1,BUY_USD
2022-03-09,0.8454401689860727,SYSTEMIC_STRESS,1,BUY_USD
2022-03-10,0.9002011910026977,SYSTEMIC_STRESS,1,BUY_USD
2022-03-11,0.9200150990337702,SYSTEMIC_STRESS,1,BUY_USD
2022-03-14,0.9288311805259012,SYSTEMIC_STRESS,1,BUY_USD
2022-03-15,0.9216913824541838,SYSTEMIC_STRESS,1,BUY_USD
2022-03-16,0.890192797256383,SYSTEMIC_STRESS,1,BUY_USD
2022-03-17,0.9254923737080347,SYSTEMIC_STRESS,1,BUY_USD
2022-03-18,0.8897484866358503,SYSTEMIC_STRESS,1,BUY_USD
2022-03-21,0.9104106960413219,SYSTEMIC_STRESS,1,BUY_USD
2022-03-22,0.9058594357216456,SYSTEMIC_STRESS,1,BUY_USD
2022-03-23,0.902068029833142,SYSTEMIC_STRESS,1,BUY_USD
2022-03-24,0.8771962729223975,SYSTEMIC_STRESS,1,BUY_USD
2022-03-25,0.8963578394444726,SYSTEMIC_STRESS,1,BUY_USD
2022-03-28,0.8915590475241464,SYSTEMIC_STRESS,1,BUY_USD
2022-03-29,0.9033240217701873,SYSTEMIC_STRESS,1,BUY_USD
2022-03-30,0.904008692850903,SYSTEMIC_STRESS,1,BUY_USD
2022-03-31,0.9103787190355126,SYSTEMIC_STRESS,1,BUY_USD
2022-04-01,0.9069096830434931,SYSTEMIC_STRESS,1,BUY_USD
2022-04-04,0.8813960044819424,SYSTEMIC_STRESS,1,BUY_USD
2022-04-05,0.9025357775103868,SYSTEMIC_STRESS,1,BUY_USD
2022-04-06,0.9006255473879514,SYSTEMIC_STRESS,1,BUY_USD
2022-04-07,0.8823845244464161,SYSTEMIC_STRESS,1,BUY_USD
2022-04-08,0.8594082424291349,SYSTEMIC_STRESS,1,BUY_USD
2022-04-11,0.8409544974168826,SYSTEMIC_STRESS,1,BUY_USD
2022-04-12,0.8114971099961436,SYSTEMIC_STRESS,1,BUY_USD
2022-04-13,0.8164413414378976,SYSTEMIC_STRESS,1,BUY_USD
2022-04-14,0.5202841863937628,SYSTEMIC_STRESS,1,HOLD
2022-04-15,0.455177219776841,SYSTEMIC_STRESS,0,HOLD
2022-04-18,0.504916863191704,SYSTEMIC_STRESS,1,HOLD
2022-04-19,0.8532384156356722,SYSTEMIC_STRESS,1,BUY_USD
2022-04-20,0.8209529001847291,SYSTEMIC_STRESS,1,BUY_USD
2022-04-21,0.8525830752622239,SYSTEMIC_STRESS,1,BUY_USD
2022-04-22,0.8594886506703264,SYSTEMIC_STRESS,1,BUY_USD
2022-04-25,0.8319007711442664,SYSTEMIC_STRESS,1,BUY_USD
2022-04-26,0.704232871549565,SYSTEMIC_STRESS,1,BUY_USD
2022-04-27,0.6951874374019551,SYSTEMIC_STRESS,1,BUY_USD
2022-04-28,0.6703032692879172,SYSTEMIC_STRESS,1,BUY_USD
2022-04-29,0.659541133342218,SYSTEMIC_STRESS,1,BUY_USD
2022-05-02,0.7209952190219028,SYSTEMIC_STRESS,1,BUY_USD
2022-05-03,0.6838753387587877,SYSTEMIC_STRESS,1,BUY_USD
2022-05-04,0.6656173614399303,SYSTEMIC_STRESS,1,BUY_USD
2022-05-05,0.4824592637310906,SYSTEMIC_STRESS,0,HOLD
2022-05-06,0.384604744393428,SYSTEMIC_STRESS,0,SELL_USD
2022-05-09,0.408822983080716,SYSTEMIC_STRESS,0,SELL_USD
2022-05-10,0.3559759692459512,SYSTEMIC_STRESS,0,SELL_USD
2022-05-11,0.647044311314569,SYSTEMIC_STRESS,1,BUY_USD
2022-05-12,0.6610267843389491,SYSTEMIC_STRESS,1,BUY_USD
2022-05-13,0.6443716602083757,SYSTEMIC_STRESS,1,BUY_USD
2022-05-16,0.6563691699543064,SYSTEMIC_STRESS,1,BUY_USD
2022-05-17,0.6691902772592774,SYSTEMIC_STRESS,1,BUY_USD
2022-05-18,0.7329034892674192,SYSTEMIC_STRESS,1,BUY_USD
2022-05-19,0.6651583766301334,SYSTEMIC_STRESS,1,BUY_USD
2022-05-20,0.7234639913748384,SYSTEMIC_STRESS,1,BUY_USD
2022-05-23,0.8758597058667422,SYSTEMIC_STRESS,1,BUY_USD
2022-05-24,0.8947310844110834,SYSTEMIC_STRESS,1,BUY_USD
2022-05-25,0.8657298685440905,SYSTEMIC_STRESS,1,BUY_USD
2022-05-26,0.8378499371360064,SYSTEMIC_STRESS,1,BUY_USD
2022-05-27,0.8425711723472191,SYSTEMIC_STRESS,1,BUY_USD
2022-05-30,0.8417339713609986,SYSTEMIC_STRESS,1,BUY_USD
2022-05-31,0.8195682810857872,SYSTEMIC_STRESS,1,BUY_USD
2022-06-01,0.8605415574973665,SYSTEMIC_STRESS,1,BUY_USD
2022-06-02,0.8557712987414322,SYSTEMIC_STRESS,1,BUY_USD
2022-06-03,0.8754412297349978,SYSTEMIC_STRESS,1,BUY_USD
2022-06-06,0.8575534230081607,SYSTEMIC_STRESS,1,BUY_USD
2022-06-07,0.8422978611376466,SYSTEMIC_STRESS,1,BUY_USD
2022-06-08,0.7969882555022383,SYSTEMIC_STRESS,1,BUY_USD
2022-06-09,0.8267614300423463,SYSTEMIC_STRESS,1,BUY_USD
2022-06-10,0.8108329649549124,SYSTEMIC_STRESS,1,BUY_USD
2022-06-13,0.8336730533545713,SYSTEMIC_STRESS,1,BUY_USD
2022-06-14,0.794942322190475,SYSTEMIC_STRESS,1,BUY_USD
2022-06-15,0.7869906969442642,SYSTEMIC_STRESS,1,BUY_USD
2022-06-16,0.8335548068755574,SYSTEMIC_STRESS,1,BUY_USD
2022-06-17,0.7950227800707117,SYSTEMIC_STRESS,1,BUY_USD
2022-06-20,0.758436610226718,SYSTEMIC_STRESS,1,BUY_USD
2022-06-21,0.5860198949060301,SYSTEMIC_STRESS,1,BUY_USD
2022-06-22,0.6732262013184214,SYSTEMIC_STRESS,1,BUY_USD
2022-06-23,0.5812977616730872,SYSTEMIC_STRESS,1,BUY_USD
2022-06-24,0.5416900344890129,SYSTEMIC_STRESS,1,BUY_USD
2022-06-27,0.5252014227913586,SYSTEMIC_STRESS,1,HOLD
2022-06-28,0.5663012220741173,SYSTEMIC_STRESS,1,BUY_USD
2022-06-29,0.5976131928086927,SYSTEMIC_STRESS,1,BUY_USD
2022-06-30,0.5788214892578871,SYSTEMIC_STRESS,1,BUY_USD
2022-07-01,0.6188292015547278,SYSTEMIC_STRESS,1,BUY_USD
2022-07-04,0.5862195920523322,SYSTEMIC_STRESS,1,BUY_USD
2022-07-05,0.6030475094453669,SYSTEMIC_STRESS,1,BUY_USD
2022-07-06,0.5264013272868927,SYSTEMIC_STRESS,1,HOLD
2022-07-07,0.5121793846242669,SYSTEMIC_STRESS,1,HOLD
2022-07-08,0.5129470743504206,SYSTEMIC_STRESS,1,HOLD
2022-07-11,0.535004817312105,SYSTEMIC_STRESS,1,HOLD
2022-07-12,0.5476925049763081,SYSTEMIC_STRESS,1,BUY_USD
2022-07-13,0.5230511443311746,SYSTEMIC_STRESS,1,HOLD
2022-07-14,0.4604140575100325,SYSTEMIC_STRESS,0,HOLD
2022-07-15,0.35810355354186646,SYSTEMIC_STRESS,0,SELL_USD
2022-07-18,0.36794660740959,SYSTEMIC_STRESS,0,SELL_USD
2022-07-19,0.29683151632036187,SYSTEMIC_STRESS,0,SELL_USD
2022-07-20,0.27246704915164177,SYSTEMIC_STRESS,0,SELL_USD
2022-07-21,0.5160358800396501,SYSTEMIC_STRESS,1,HOLD
2022-07-22,0.5999043981966432,SYSTEMIC_STRESS,1,BUY_USD
2022-07-25,0.5776875481550794,SYSTEMIC_STRESS,1,BUY_USD
2022-07-26,0.6984786992168036,SYSTEMIC_STRESS,1,BUY_USD
2022-07-27,0.6528645227998251,SYSTEMIC_STRESS,1,BUY_USD
2022-07-28,0.6760322812566015,SYSTEMIC_STRESS,1,BUY_USD
2022-07-29,0.8974413156798754,SYSTEMIC_STRESS,1,BUY_USD
2022-08-01,0.9258047789205969,SYSTEMIC_STRESS,1,BUY_USD
2022-08-02,0.9351143785738341,SYSTEMIC_STRESS,1,BUY_USD
2022-08-03,0.9055522261833977,SYSTEMIC_STRESS,1,BUY_USD
2022-08-04,0.8371026178334743,SYSTEMIC_STRESS,1,BUY_USD
2022-08-05,0.8766328693247378,SYSTEMIC_STRESS,1,BUY_USD
2022-08-08,0.8446041142687161,SYSTEMIC_STRESS,1,BUY_USD
2022-08-09,0.8624424617077241,SYSTEMIC_STRESS,1,BUY_USD
2022-08-10,0.8367935903438481,SYSTEMIC_STRESS,1,BUY_USD
2022-08-11,0.8670235750422369,SYSTEMIC_STRESS,1,BUY_USD
2022-08-12,0.8490174197049423,SYSTEMIC_STRESS,1,BUY_USD
2022-08-15,0.8750190591430935,SYSTEMIC_STRESS,1,BUY_USD
2022-08-16,0.8367028633993019,SYSTEMIC_STRESS,1,BUY_USD
2022-08-17,0.851405617296018,SYSTEMIC_STRESS,1,BUY_USD
2022-08-18,0.8109340702807094,SYSTEMIC_STRESS,1,BUY_USD
2022-08-19,0.7176029922275319,SYSTEMIC_STRESS,1,BUY_USD
2022-08-22,0.7382545163827962,SYSTEMIC_STRESS,1,BUY_USD
2022-08-23,0.7535527722907732,SYSTEMIC_STRESS,1,BUY_USD
2022-08-24,0.77648199679139,SYSTEMIC_STRESS,1,BUY_USD
2022-08-25,0.7698218351890843,SYSTEMIC_STRESS,1,BUY_USD
2022-08-26,0.8742009726289767,SYSTEMIC_STRESS,1,BUY_USD
2022-08-29,0.8524398084704659,SYSTEMIC_STRESS,1,BUY_USD
2022-08-30,0.8585066681007448,SYSTEMIC_STRESS,1,BUY_USD
2022-08-31,0.8149714026858963,SYSTEMIC_STRESS,1,BUY_USD
2022-09-01,0.8238756566004466,SYSTEMIC_STRESS,1,BUY_USD
2022-09-02,0.8190120726731092,SYSTEMIC_STRESS,1,BUY_USD
2022-09-05,0.857901368027277,SYSTEMIC_STRESS,1,BUY_USD
2022-09-06,0.8599676407141205,SYSTEMIC_STRESS,1,BUY_USD
2022-09-07,0.8397773402647573,SYSTEMIC_STRESS,1,BUY_USD
2022-09-08,0.8690079544214627,SYSTEMIC_STRESS,1,BUY_USD
2022-09-09,0.8434700586180335,SYSTEMIC_STRESS,1,BUY_USD
2022-09-12,0.7774779706696253,SYSTEMIC_STRESS,1,BUY_USD
2022-09-13,0.8293906181639813,SYSTEMIC_STRESS,1,BUY_USD
2022-09-14,0.7634232759826494,SYSTEMIC_STRESS,1,BUY_USD
2022-09-15,0.7861304677997573,SYSTEMIC_STRESS,1,BUY_USD
2022-09-16,0.7683450588620938,SYSTEMIC_STRESS,1,BUY_USD
2022-09-19,0.7826217107294565,SYSTEMIC_STRESS,1,BUY_USD
2022-09-20,0.7749755181244434,SYSTEMIC_STRESS,1,BUY_USD
2022-09-21,0.782886744630549,SYSTEMIC_STRESS,1,BUY_USD
2022-09-22,0.7697842413601995,SYSTEMIC_STRESS,1,BUY_USD
2022-09-23,0.7288446615137689,SYSTEMIC_STRESS,1,BUY_USD
2022-09-26,0.5897794960285672,SYSTEMIC_STRESS,1,BUY_USD
2022-09-27,0.5298946645473915,SYSTEMIC_STRESS,1,HOLD
2022-09-28,0.5816416405648132,SYSTEMIC_STRESS,1,BUY_USD
2022-09-29,0.7217374909672958,SYSTEMIC_STRESS,1,BUY_USD
2022-09-30,0.7154606270209246,SYSTEMIC_STRESS,1,BUY_USD
2022-10-03,0.7245562024403283,SYSTEMIC_STRESS,1,BUY_USD
2022-10-04,0.7830358595941176,SYSTEMIC_STRESS,1,BUY_USD
2022-10-05,0.8024040453659893,SYSTEMIC_STRESS,1,BUY_USD
2022-10-06,0.7848960785881777,SYSTEMIC_STRESS,1,BUY_USD
2022-10-07,0.7719444398539808,SYSTEMIC_STRESS,1,BUY_USD
2022-10-10,0.7824757442672452,SYSTEMIC_STRESS,1,BUY_USD
2022-10-11,0.8473013561538988,SYSTEMIC_STRESS,1,BUY_USD
2022-10-12,0.8965339452617564,SYSTEMIC_STRESS,1,BUY_USD
2022-10-13,0.8471917049897504,SYSTEMIC_STRESS,1,BUY_USD
2022-10-14,0.8957611406676419,SYSTEMIC_STRESS,1,BUY_USD
2022-10-17,0.7907969556882621,SYSTEMIC_STRESS,1,BUY_USD
2022-10-18,0.7325858216158795,SYSTEMIC_STRESS,1,BUY_USD
2022-10-19,0.5360471371255633,SYSTEMIC_STRESS,1,HOLD
2022-10-20,0.5240901531138468,SYSTEMIC_STRESS,1,HOLD
2022-10-21,0.5557478873403908,SYSTEMIC_STRESS,1,BUY_USD
2022-10-24,0.644720066229301,SYSTEMIC_STRESS,1,BUY_USD
2022-10-25,0.6042599586995722,SYSTEMIC_STRESS,1,BUY_USD
2022-10-26,0.6796950588978121,SYSTEMIC_STRESS,1,BUY_USD
2022-10-27,0.7272781190372543,SYSTEMIC_STRESS,1,BUY_USD
2022-10-28,0.7609114035167779,SYSTEMIC_STRESS,1,BUY_USD
2022-10-31,0.8184984242861248,SYSTEMIC_STRESS,1,BUY_USD
2022-11-01,0.796962675384971,SYSTEMIC_STRESS,1,BUY_USD
2022-11-02,0.8007875787208372,SYSTEMIC_STRESS,1,BUY_USD
2022-11-03,0.767814586360309,SYSTEMIC_STRESS,1,BUY_USD
2022-11-04,0.7057795245161597,SYSTEMIC_STRESS,1,BUY_USD
2022-11-07,0.7328689340139021,SYSTEMIC_STRESS,1,BUY_USD
2022-11-08,0.7886133144999792,SYSTEMIC_STRESS,1,BUY_USD
2022-11-09,0.8229015902064327,SYSTEMIC_STRESS,1,BUY_USD
2022-11-10,0.8205718078406904,SYSTEMIC_STRESS,1,BUY_USD
2022-11-11,0.8358454256849339,SYSTEMIC_STRESS,1,BUY_USD
2022-11-14,0.8556713538501091,SYSTEMIC_STRESS,1,BUY_USD
2022-11-15,0.8386187013038657,SYSTEMIC_STRESS,1,BUY_USD
2022-11-16,0.8536995020968413,SYSTEMIC_STRESS,1,BUY_USD
2022-11-17,0.7744404132292065,SYSTEMIC_STRESS,1,BUY_USD
2022-11-18,0.7395638490654126,SYSTEMIC_STRESS,1,BUY_USD
2022-11-21,0.6988568012761809,SYSTEMIC_STRESS,1,BUY_USD
2022-11-22,0.6749500719147206,SYSTEMIC_STRESS,1,BUY_USD
2022-11-23,0.7015716291486218,SYSTEMIC_STRESS,1,BUY_USD
2022-11-24,0.7936941759259224,SYSTEMIC_STRESS,1,BUY_USD
2022-11-25,0.8211359215844418,SYSTEMIC_STRESS,1,BUY_USD
2022-11-28,0.8059265309032141,SYSTEMIC_STRESS,1,BUY_USD
2022-11-29,0.7740212137638784,SYSTEMIC_STRESS,1,BUY_USD
2022-11-30,0.7755233197130609,SYSTEMIC_STRESS,1,BUY_USD
2022-12-01,0.8376902425574155,SYSTEMIC_STRESS,1,BUY_USD
2022-12-02,0.8679354748504459,SYSTEMIC_STRESS,1,BUY_USD
2022-12-05,0.9213305167518072,SYSTEMIC_STRESS,1,BUY_USD
2022-12-06,0.9196470044676938,SYSTEMIC_STRESS,1,BUY_USD
2022-12-07,0.930036361292485,SYSTEMIC_STRESS,1,BUY_USD
2022-12-08,0.918778212164378,SYSTEMIC_STRESS,1,BUY_USD
2022-12-09,0.940653324617863,SYSTEMIC_STRESS,1,BUY_USD
2022-12-12,0.9601680201217268,SYSTEMIC_STRESS,1,BUY_USD
2022-12-13,0.944095878088683,SYSTEMIC_STRESS,1,BUY_USD
2022-12-14,0.9372743793975051,SYSTEMIC_STRESS,1,BUY_USD
2022-12-15,0.9421462414209985,SYSTEMIC_STRESS,1,BUY_USD
2022-12-16,0.909196525845516,SYSTEMIC_STRESS,1,BUY_USD
2022-12-19,0.9003769618392106,SYSTEMIC_STRESS,1,BUY_USD
2022-12-20,0.8789002770723104,SYSTEMIC_STRESS,1,BUY_USD
2022-12-21,0.8550836141793879,SYSTEMIC_STRESS,1,BUY_USD
2022-12-22,0.9204709508956228,SYSTEMIC_STRESS,1,BUY_USD
2022-12-23,0.9123619994341573,SYSTEMIC_STRESS,1,BUY_USD
2022-12-26,0.8912476686142756,SYSTEMIC_STRESS,1,BUY_USD
2022-12-27,0.9084191964113209,SYSTEMIC_STRESS,1,BUY_USD
2022-12-28,0.9397588831847176,SYSTEMIC_STRESS,1,BUY_USD
2022-12-29,0.9295978774372136,SYSTEMIC_STRESS,1,BUY_USD
2022-12-30,0.9565093847561099,SYSTEMIC_STRESS,1,BUY_USD
2023-01-02,0.9450045026635755,SYSTEMIC_STRESS,1,BUY_USD
2023-01-03,0.9460744473631103,SYSTEMIC_STRESS,1,BUY_USD
2023-01-04,0.9534436666048993,SYSTEMIC_STRESS,1,BUY_USD
2023-01-05,0.9623260491433963,SYSTEMIC_STRESS,1,BUY_USD
2023-01-06,0.9489389573692906,SYSTEMIC_STRESS,1,BUY_USD
2023-01-09,0.93551439021584,SYSTEMIC_STRESS,1,BUY_USD
2023-01-10,0.9374490521109086,SYSTEMIC_STRESS,1,BUY_USD
2023-01-11,0.9326605672194257,SYSTEMIC_STRESS,1,BUY_USD
2023-01-12,0.9155088585207674,SYSTEMIC_STRESS,1,BUY_USD
2023-01-13,0.9040998021347708,SYSTEMIC_STRESS,1,BUY_USD
2023-01-16,0.9057302040836791,SYSTEMIC_STRESS,1,BUY_USD
2023-01-17,0.935201375519673,SYSTEMIC_STRESS,1,BUY_USD
2023-01-18,0.9368605744120341,SYSTEMIC_STRESS,1,BUY_USD
2023-01-19,0.9251939634238415,SYSTEMIC_STRESS,1,BUY_USD
2023-01-20,0.9231672063094907,SYSTEMIC_STRESS,1,BUY_USD
2023-01-23,0.915115008659678,SYSTEMIC_STRESS,1,BUY_USD
2023-01-24,0.913044904326714,SYSTEMIC_STRESS,1,BUY_USD
2023-01-25,0.9131195682233975,SYSTEMIC_STRESS,1,BUY_USD
2023-01-26,0.9086055000461011,SYSTEMIC_STRESS,1,BUY_USD
2023-01-27,0.9178017218982475,SYSTEMIC_STRESS,1,BUY_USD
2023-01-30,0.9371099367082746,SYSTEMIC_STRESS,1,BUY_USD
2023-01-31,0.9462411300397484,SYSTEMIC_STRESS,1,BUY_USD
2023-02-01,0.9276640136913021,SYSTEMIC_STRESS,1,BUY_USD
2023-02-02,0.9425811421711154,SYSTEMIC_STRESS,1,BUY_USD
2023-02-03,0.933729354235025,SYSTEMIC_STRESS,1,BUY_USD
2023-02-06,0.9447954218019712,SYSTEMIC_STRESS,1,BUY_USD
2023-02-07,0.9560532670463208,SYSTEMIC_STRESS,1,BUY_USD
2023-02-08,0.9672009795903356,SYSTEMIC_STRESS,1,BUY_USD
2023-02-09,0.9655092591957907,SYSTEMIC_STRESS,1,BUY_USD
2023-02-10,0.9604379074852756,SYSTEMIC_STRESS,1,BUY_USD
2023-02-13,0.962059775466278,SYSTEMIC_STRESS,1,BUY_USD
2023-02-14,0.9698869534400415,SYSTEMIC_STRESS,1,BUY_USD
2023-02-15,0.9572828711774561,SYSTEMIC_STRESS,1,BUY_USD
2023-02-16,0.9706001092506333,SYSTEMIC_STRESS,1,BUY_USD
2023-02-17,0.9713937842386413,SYSTEMIC_STRESS,1,BUY_USD
2023-02-20,0.9662320183463224,SYSTEMIC_STRESS,1,BUY_USD
2023-02-21,0.9706113225900783,SYSTEMIC_STRESS,1,BUY_USD
2023-02-22,0.9763156374049214,SYSTEMIC_STRESS,1,BUY_USD
2023-02-23,0.968027635966503,SYSTEMIC_STRESS,1,BUY_USD
2023-02-24,0.9649892246371584,SYSTEMIC_STRESS,1,BUY_USD
2023-02-27,0.9691800845222727,SYSTEMIC_STRESS,1,BUY_USD
2023-02-28,0.9445288730603679,SYSTEMIC_STRESS,1,BUY_USD
2023-03-01,0.9526785910936489,SYSTEMIC_STRESS,1,BUY_USD
2023-03-02,0.9648985187261929,SYSTEMIC_STRESS,1,BUY_USD
2023-03-03,0.9207257473817223,SYSTEMIC_STRESS,1,BUY_USD
2023-03-06,0.9104318864407916,SYSTEMIC_STRESS,1,BUY_USD
2023-03-07,0.9435852242892828,SYSTEMIC_STRESS,1,BUY_USD
2023-03-08,0.9502782187370362,SYSTEMIC_STRESS,1,BUY_USD
2023-03-09,0.9648658851498123,SYSTEMIC_STRESS,1,BUY_USD
2023-03-10,0.9711859713203161,SYSTEMIC_STRESS,1,BUY_USD
2023-03-13,0.9420022633742923,SYSTEMIC_STRESS,1,BUY_USD
2023-03-14,0.9601381652379545,SYSTEMIC_STRESS,1,BUY_USD
2023-03-15,0.9561653087989876,SYSTEMIC_STRESS,1,BUY_USD
2023-03-16,0.9504932011988619,SYSTEMIC_STRESS,1,BUY_USD
2023-03-17,0.9349660461838613,SYSTEMIC_STRESS,1,BUY_USD
2023-03-20,0.9583174463187226,SYSTEMIC_STRESS,1,BUY_USD
2023-03-21,0.9434683536709846,SYSTEMIC_STRESS,1,BUY_USD
2023-03-22,0.9416944253691182,SYSTEMIC_STRESS,1,BUY_USD
2023-03-23,0.9623646382028562,SYSTEMIC_STRESS,1,BUY_USD
2023-03-24,0.9656379984636482,SYSTEMIC_STRESS,1,BUY_USD
2023-03-27,0.9483015677495394,SYSTEMIC_STRESS,1,BUY_USD
2023-03-28,0.945581621666463,SYSTEMIC_STRESS,1,BUY_USD
2023-03-29,0.9424556712006948,SYSTEMIC_STRESS,1,BUY_USD
2023-03-30,0.9382015987728023,SYSTEMIC_STRESS,1,BUY_USD
2023-03-31,0.94592978194283,SYSTEMIC_STRESS,1,BUY_USD
2023-04-03,0.9476250689172433,SYSTEMIC_STRESS,1,BUY_USD
2023-04-04,0.9379087702345582,SYSTEMIC_STRESS,1,BUY_USD
2023-04-05,0.954871695849702,SYSTEMIC_STRESS,1,BUY_USD
2023-04-06,0.921426867940008,SYSTEMIC_STRESS,1,BUY_USD
2023-04-07,0.9321480996464553,SYSTEMIC_STRESS,1,BUY_USD
2023-04-10,0.9243581294349906,SYSTEMIC_STRESS,1,BUY_USD
2023-04-11,0.9198091747231449,SYSTEMIC_STRESS,1,BUY_USD
2023-04-12,0.9290382706233773,SYSTEMIC_STRESS,1,BUY_USD
2023-04-13,0.9168320419167117,SYSTEMIC_STRESS,1,BUY_USD
2023-04-14,0.8767347733107731,SYSTEMIC_STRESS,1,BUY_USD
2023-04-17,0.8748092758610921,SYSTEMIC_STRESS,1,BUY_USD
2023-04-18,0.8958509615407888,SYSTEMIC_STRESS,1,BUY_USD
2023-04-19,0.9126929046242966,SYSTEMIC_STRESS,1,BUY_USD
2023-04-20,0.9336433694136661,SYSTEMIC_STRESS,1,BUY_USD
2023-04-21,0.9185246150807772,SYSTEMIC_STRESS,1,BUY_USD
2023-04-24,0.921871571251791,SYSTEMIC_STRESS,1,BUY_USD
2023-04-25,0.9184226566369603,SYSTEMIC_STRESS,1,BUY_USD
2023-04-26,0.8934256453313334,SYSTEMIC_STRESS,1,BUY_USD
2023-04-27,0.8724619808315313,SYSTEMIC_STRESS,1,BUY_USD
2023-04-28,0.8744644430628238,SYSTEMIC_STRESS,1,BUY_USD
2023-05-01,0.9181589006417918,SYSTEMIC_STRESS,1,BUY_USD
2023-05-02,0.9561230490877551,SYSTEMIC_STRESS,1,BUY_USD
2023-05-03,0.9509804937840334,SYSTEMIC_STRESS,1,BUY_USD
2023-05-04,0.9401460058451696,SYSTEMIC_STRESS,1,BUY_USD
2023-05-05,0.9506958907119083,SYSTEMIC_STRESS,1,BUY_USD
2023-05-08,0.9595542839710017,SYSTEMIC_STRESS,1,BUY_USD
2023-05-09,0.9639071936884989,SYSTEMIC_STRESS,1,BUY_USD
2023-05-10,0.959931372093469,SYSTEMIC_STRESS,1,BUY_USD
2023-05-11,0.9562802829885236,SYSTEMIC_STRESS,1,BUY_USD
2023-05-12,0.9515356758157412,SYSTEMIC_STRESS,1,BUY_USD
2023-05-15,0.9579139526685101,SYSTEMIC_STRESS,1,BUY_USD
2023-05-16,0.9541519820475076,SYSTEMIC_STRESS,1,BUY_USD
2023-05-17,0.9396830980266764,SYSTEMIC_STRESS,1,BUY_USD
2023-05-18,0.9426320223329272,SYSTEMIC_STRESS,1,BUY_USD
2023-05-19,0.935574485983584,SYSTEMIC_STRESS,1,BUY_USD
2023-05-22,0.9397110545301209,SYSTEMIC_STRESS,1,BUY_USD
2023-05-23,0.9562692149000824,SYSTEMIC_STRESS,1,BUY_USD
2023-05-24,0.9493392212893512,SYSTEMIC_STRESS,1,BUY_USD
2023-05-25,0.9521016642130938,SYSTEMIC_STRESS,1,BUY_USD
2023-05-26,0.9558806582930608,SYSTEMIC_STRESS,1,BUY_USD
2023-05-29,0.9556020542799993,SYSTEMIC_STRESS,1,BUY_USD
2023-05-30,0.9512317050713163,SYSTEMIC_STRESS,1,BUY_USD
2023-05-31,0.9549166614495328,SYSTEMIC_STRESS,1,BUY_USD
2023-06-01,0.9379112206706527,SYSTEMIC_STRESS,1,BUY_USD
2023-06-02,0.9332473320920133,SYSTEMIC_STRESS,1,BUY_USD
2023-06-05,0.9446094382242315,SYSTEMIC_STRESS,1,BUY_USD
2023-06-06,0.9499019716924032,SYSTEMIC_STRESS,1,BUY_USD
2023-06-07,0.9567472167372951,SYSTEMIC_STRESS,1,BUY_USD
2023-06-08,0.9434037906745589,SYSTEMIC_STRESS,1,BUY_USD
2023-06-09,0.9456525276572192,SYSTEMIC_STRESS,1,BUY_USD
2023-06-12,0.9565737044559837,SYSTEMIC_STRESS,1,BUY_USD
2023-06-13,0.9510292292051612,SYSTEMIC_STRESS,1,BUY_USD
2023-06-14,0.9173260114792409,SYSTEMIC_STRESS,1,BUY_USD
2023-06-15,0.9368032702542188,SYSTEMIC_STRESS,1,BUY_USD
2023-06-16,0.9394642644986574,SYSTEMIC_STRESS,1,BUY_USD
2023-06-19,0.9531671753709571,SYSTEMIC_STRESS,1,BUY_USD
2023-06-20,0.963149623905864,SYSTEMIC_STRESS,1,BUY_USD
2023-06-21,0.9447614774954745,SYSTEMIC_STRESS,1,BUY_USD
2023-06-22,0.9463584305913372,SYSTEMIC_STRESS,1,BUY_USD
2023-06-23,0.948814606125371,SYSTEMIC_STRESS,1,BUY_USD
2023-06-26,0.93828646127212,SYSTEMIC_STRESS,1,BUY_USD
2023-06-27,0.9546850851767206,SYSTEMIC_STRESS,1,BUY_USD
2023-06-28,0.9599538684938456,SYSTEMIC_STRESS,1,BUY_USD
2023-06-29,0.9684746488987231,SYSTEMIC_STRESS,1,BUY_USD
2023-06-30,0.9535081783053699,SYSTEMIC_STRESS,1,BUY_USD
2023-07-03,0.9419714775480614,SYSTEMIC_STRESS,1,BUY_USD
2023-07-04,0.9496256933148599,SYSTEMIC_STRESS,1,BUY_USD
2023-07-05,0.9679946373042533,SYSTEMIC_STRESS,1,BUY_USD
2023-07-06,0.9690542401599425,SYSTEMIC_STRESS,1,BUY_USD
2023-07-07,0.9447862116263138,SYSTEMIC_STRESS,1,BUY_USD
2023-07-10,0.9517240674914047,SYSTEMIC_STRESS,1,BUY_USD
2023-07-11,0.9253055267963685,SYSTEMIC_STRESS,1,BUY_USD
2023-07-12,0.9118867522433141,SYSTEMIC_STRESS,1,BUY_USD
2023-07-13,0.9136846815647368,SYSTEMIC_STRESS,1,BUY_USD
2023-07-14,0.9387740511279514,SYSTEMIC_STRESS,1,BUY_USD
2023-07-17,0.9396454370224738,SYSTEMIC_STRESS,1,BUY_USD
2023-07-18,0.8949518273835203,SYSTEMIC_STRESS,1,BUY_USD
2023-07-19,0.9086087303262038,SYSTEMIC_STRESS,1,BUY_USD
2023-07-20,0.9336148722908773,SYSTEMIC_STRESS,1,BUY_USD
2023-07-21,0.9276774411867797,SYSTEMIC_STRESS,1,BUY_USD
2023-07-24,0.9041459356988837,SYSTEMIC_STRESS,1,BUY_USD
2023-07-25,0.8823248680948257,SYSTEMIC_STRESS,1,BUY_USD
2023-07-26,0.8555804185583565,SYSTEMIC_STRESS,1,BUY_USD
2023-07-27,0.8862619064060453,SYSTEMIC_STRESS,1,BUY_USD
2023-07-28,0.8813222516503143,SYSTEMIC_STRESS,1,BUY_USD
2023-07-31,0.876543063844526,SYSTEMIC_STRESS,1,BUY_USD
2023-08-01,0.8967164799987668,CONSOLIDATION,1,BUY_USD
2023-08-02,0.8547019964707594,CONSOLIDATION,1,BUY_USD
2023-08-03,0.7355968301572444,CONSOLIDATION,1,BUY_USD
2023-08-04,0.8359362776694171,CONSOLIDATION,1,BUY_USD
2023-08-07,0.8376270986156286,CONSOLIDATION,1,BUY_USD
2023-08-08,0.7963951844814857,CONSOLIDATION,1,BUY_USD
2023-08-09,0.7787426864796716,CONSOLIDATION,1,BUY_USD
2023-08-10,0.7228333283207341,CONSOLIDATION,1,BUY_USD
2023-08-11,0.8366199938459405,CONSOLIDATION,1,BUY_USD
2023-08-14,0.7416494197840048,CONSOLIDATION,1,BUY_USD
2023-08-15,0.8735233458290196,CONSOLIDATION,1,BUY_USD
2023-08-16,0.7734674657157835,CONSOLIDATION,1,BUY_USD
2023-08-17,0.785712893740445,CONSOLIDATION,1,BUY_USD
2023-08-18,0.8805399389268331,CONSOLIDATION,1,BUY_USD
2023-08-21,0.8542788951454806,CONSOLIDATION,1,BUY_USD
2023-08-22,0.8572853093200156,CONSOLIDATION,1,BUY_USD
2023-08-23,0.8310152188317691,CONSOLIDATION,1,BUY_USD
2023-08-24,0.859577107827942,CONSOLIDATION,1,BUY_USD
2023-08-25,0.7758772518637008,CONSOLIDATION,1,BUY_USD
2023-08-28,0.8016881591168767,CONSOLIDATION,1,BUY_USD
2023-08-29,0.8184660859593608,CONSOLIDATION,1,BUY_USD
2023-08-30,0.7748658006640887,CONSOLIDATION,1,BUY_USD
2023-08-31,0.9006222920930393,CONSOLIDATION,1,BUY_USD
2023-09-01,0.8215097425280041,CONSOLIDATION,1,BUY_USD
2023-09-04,0.9021406632946676,CONSOLIDATION,1,BUY_USD
2023-09-05,0.9041351276239787,CONSOLIDATION,1,BUY_USD
2023-09-06,0.8882664625834313,CONSOLIDATION,1,BUY_USD
2023-09-07,0.883230456108115,CONSOLIDATION,1,BUY_USD
2023-09-08,0.5802547945173472,CONSOLIDATION,1,BUY_USD
2023-09-11,0.6332877938611854,CONSOLIDATION,1,BUY_USD
2023-09-12,0.8051813349071625,CONSOLIDATION,1,BUY_USD
2023-09-13,0.7260637923417531,CONSOLIDATION,1,BUY_USD
2023-09-14,0.8126843990728856,CONSOLIDATION,1,BUY_USD
2023-09-15,0.8725235684448202,CONSOLIDATION,1,BUY_USD
2023-09-18,0.8369853893648409,CONSOLIDATION,1,BUY_USD
2023-09-19,0.7942622371514838,CONSOLIDATION,1,BUY_USD
2023-09-20,0.6669519303940974,CONSOLIDATION,1,BUY_USD
2023-09-21,0.7891144437371171,CONSOLIDATION,1,BUY_USD
2023-09-22,0.600893402120503,CONSOLIDATION,1,BUY_USD
2023-09-25,0.7746228002260434,CONSOLIDATION,1,BUY_USD
2023-09-26,0.7556845386697143,CONSOLIDATION,1,BUY_USD
2023-09-27,0.7433776718659109,CONSOLIDATION,1,BUY_USD
2023-09-28,0.7096776901010078,CONSOLIDATION,1,BUY_USD
2023-09-29,0.8240931024515401,CONSOLIDATION,1,BUY_USD
2023-10-02,0.8980020248499823,CONSOLIDATION,1,BUY_USD
2023-10-03,0.8877768578468042,CONSOLIDATION,1,BUY_USD
2023-10-04,0.8228849267255645,CONSOLIDATION,1,BUY_USD
2023-10-05,0.7760579104851189,CONSOLIDATION,1,BUY_USD
2023-10-06,0.7560775985284579,CONSOLIDATION,1,BUY_USD
2023-10-09,0.7196077052677349,CONSOLIDATION,1,BUY_USD
2023-10-10,0.8155849161855462,CONSOLIDATION,1,BUY_USD
2023-10-11,0.7244846829525767,CONSOLIDATION,1,BUY_USD
2023-10-12,0.754841648495497,CONSOLIDATION,1,BUY_USD
2023-10-13,0.6846058767850248,CONSOLIDATION,1,BUY_USD
2023-10-16,0.6595387178305372,CONSOLIDATION,1,BUY_USD
2023-10-17,0.6653175824891914,CONSOLIDATION,1,BUY_USD
2023-10-18,0.6154145532177353,CONSOLIDATION,1,BUY_USD
2023-10-19,0.5561771343584858,CONSOLIDATION,1,BUY_USD
2023-10-20,0.5886992994668744,CONSOLIDATION,1,BUY_USD
2023-10-23,0.25550403152326173,CONSOLIDATION,0,SELL_USD
2023-10-24,0.29855170935757835,CONSOLIDATION,0,SELL_USD
2023-10-25,0.4340613363240761,CONSOLIDATION,0,SELL_USD
2023-10-26,0.5908662672227558,CONSOLIDATION,1,BUY_USD
2023-10-27,0.5317964570795224,CONSOLIDATION,1,HOLD
2023-10-30,0.5985124159798526,CONSOLIDATION,1,BUY_USD
2023-10-31,0.7605329971916617,CONSOLIDATION,1,BUY_USD
2023-11-01,0.7883917009021097,CONSOLIDATION,1,BUY_USD
2023-11-02,0.7701567190177582,CONSOLIDATION,1,BUY_USD
2023-11-03,0.7939030528749578,CONSOLIDATION,1,BUY_USD
2023-11-06,0.8218571052401469,CONSOLIDATION,1,BUY_USD
2023-11-07,0.7613066227169626,CONSOLIDATION,1,BUY_USD
2023-11-08,0.7275163160809921,CONSOLIDATION,1,BUY_USD
2023-11-09,0.7486054866798111,CONSOLIDATION,1,BUY_USD
2023-11-10,0.7148043237536519,CONSOLIDATION,1,BUY_USD
2023-11-13,0.3405310486094586,CONSOLIDATION,0,SELL_USD
2023-11-14,0.3129192986307994,CONSOLIDATION,0,SELL_USD
2023-11-15,0.5149558779950297,CONSOLIDATION,1,HOLD
2023-11-16,0.8235789018732834,CONSOLIDATION,1,BUY_USD
2023-11-17,0.6864743250739395,CONSOLIDATION,1,BUY_USD
2023-11-20,0.6035688466692051,CONSOLIDATION,1,BUY_USD
2023-11-21,0.6662399880141902,CONSOLIDATION,1,BUY_USD
2023-11-22,0.8429961708525588,CONSOLIDATION,1,BUY_USD
2023-11-23,0.3006675866028022,CONSOLIDATION,0,SELL_USD
2023-11-24,0.3350529031356111,CONSOLIDATION,0,SELL_USD
2023-11-27,0.8944626745991227,CONSOLIDATION,1,BUY_USD
2023-11-28,0.8105884560871927,CONSOLIDATION,1,BUY_USD
2023-11-29,0.925187331254167,CONSOLIDATION,1,BUY_USD
2023-11-30,0.777263377419984,CONSOLIDATION,1,BUY_USD
2023-12-01,0.5235477484356637,CONSOLIDATION,1,HOLD
2023-12-04,0.9084376736562573,CONSOLIDATION,1,BUY_USD
2023-12-05,0.8539219623701564,CONSOLIDATION,1,BUY_USD
2023-12-06,0.39143923995033536,CONSOLIDATION,0,SELL_USD
2023-12-07,0.4360380426641116,CONSOLIDATION,0,SELL_USD
2023-12-08,0.8710577397026249,CONSOLIDATION,1,BUY_USD
2023-12-11,0.8962666199067065,CONSOLIDATION,1,BUY_USD
2023-12-12,0.7767041153254874,CONSOLIDATION,1,BUY_USD
2023-12-13,0.8955842215281199,CONSOLIDATION,1,BUY_USD
2023-12-14,0.8559393545011102,CONSOLIDATION,1,BUY_USD
2023-12-15,0.9515021523269749,CONSOLIDATION,1,BUY_USD
2023-12-18,0.9550155692032596,CONSOLIDATION,1,BUY_USD
2023-12-19,0.5750091627042022,CONSOLIDATION,1,BUY_USD
2023-12-20,0.9443382718262445,CONSOLIDATION,1,BUY_USD
2023-12-21,0.9223152213363238,CONSOLIDATION,1,BUY_USD
2023-12-22,0.9180236481556457,CONSOLIDATION,1,BUY_USD
2023-12-25,0.9090447950279261,CONSOLIDATION,1,BUY_USD
2023-12-26,0.8976591382852359,CONSOLIDATION,1,BUY_USD
2023-12-27,0.8854967507879371,CONSOLIDATION,1,BUY_USD
2023-12-28,0.9258468143661513,CONSOLIDATION,1,BUY_USD
2023-12-29,0.965478896899701,CONSOLIDATION,1,BUY_USD
2024-01-01,0.9595068515118321,CONSOLIDATION,1,BUY_USD
2024-01-02,0.9650064962927322,CONSOLIDATION,1,BUY_USD
2024-01-03,0.9689229364660806,CONSOLIDATION,1,BUY_USD
2024-01-04,0.9556779025897673,CONSOLIDATION,1,BUY_USD
2024-01-05,0.9365479839151863,CONSOLIDATION,1,BUY_USD
2024-01-08,0.8152525822099278,CONSOLIDATION,1,BUY_USD
2024-01-09,0.8044440977357841,CONSOLIDATION,1,BUY_USD
2024-01-10,0.3265784422473432,CONSOLIDATION,0,SELL_USD
2024-01-11,0.3113637636035348,CONSOLIDATION,0,SELL_USD
2024-01-12,0.37542424526037393,CONSOLIDATION,0,SELL_USD
2024-01-15,0.40938507239833277,CONSOLIDATION,0,SELL_USD
2024-01-16,0.9016988758338339,CONSOLIDATION,1,BUY_USD
2024-01-17,0.9299245666775582,CONSOLIDATION,1,BUY_USD
2024-01-18,0.8337325338270889,CONSOLIDATION,1,BUY_USD
2024-01-19,0.8790539931685906,CONSOLIDATION,1,BUY_USD
2024-01-22,0.9523747340238533,CONSOLIDATION,1,BUY_USD
2024-01-23,0.9627841616495074,CONSOLIDATION,1,BUY_USD
2024-01-24,0.954372829114472,CONSOLIDATION,1,BUY_USD
2024-01-25,0.96307007811901,CONSOLIDATION,1,BUY_USD
2024-01-26,0.965721945809046,CONSOLIDATION,1,BUY_USD
2024-01-29,0.9706658270966799,CONSOLIDATION,1,BUY_USD
2024-01-30,0.9423172413396542,CONSOLIDATION,1,BUY_USD
2024-01-31,0.9288844120650989,CONSOLIDATION,1,BUY_USD
2024-02-01,0.8863479199117336,CONSOLIDATION,1,BUY_USD
2024-02-02,0.9434701256032328,CONSOLIDATION,1,BUY_USD
2024-02-05,0.90011096308488,CONSOLIDATION,1,BUY_USD
2024-02-06,0.8136226337852849,CONSOLIDATION,1,BUY_USD
2024-02-07,0.8441523126117705,CONSOLIDATION,1,BUY_USD
2024-02-08,0.7147173264531678,CONSOLIDATION,1,BUY_USD
2024-02-09,0.6797359963210992,CONSOLIDATION,1,BUY_USD
2024-02-12,0.800259179328283,CONSOLIDATION,1,BUY_USD
2024-02-13,0.8371759173408546,CONSOLIDATION,1,BUY_USD
2024-02-14,0.8037289092702067,CONSOLIDATION,1,BUY_USD
2024-02-15,0.7704966140639012,CONSOLIDATION,1,BUY_USD
2024-02-16,0.32932021618385166,CONSOLIDATION,0,SELL_USD
2024-02-19,0.3996457943217411,CONSOLIDATION,0,SELL_USD
2024-02-20,0.8236435940352493,CONSOLIDATION,1,BUY_USD
2024-02-21,0.8390862096420364,CONSOLIDATION,1,BUY_USD
2024-02-22,0.6363684104680838,CONSOLIDATION,1,BUY_USD
2024-02-23,0.5469166680453799,CONSOLIDATION,1,BUY_USD
2024-02-26,0.2566960549781258,CONSOLIDATION,0,SELL_USD
2024-02-27,0.14017203552880328,CONSOLIDATION,0,SELL_USD
2024-02-28,0.136456200299781,CONSOLIDATION,0,SELL_USD
2024-02-29,0.0725419136380821,CONSOLIDATION,0,SELL_USD
2024-03-01,0.1395929851155292,CONSOLIDATION,0,SELL_USD
2024-03-04,0.315579538769051,CONSOLIDATION,0,SELL_USD
2024-03-05,0.2367028268774023,CONSOLIDATION,0,SELL_USD
2024-03-06,0.15239979226713046,CONSOLIDATION,0,SELL_USD
2024-03-07,0.33035359236715267,CONSOLIDATION,0,SELL_USD
2024-03-08,0.20508666026609587,CONSOLIDATION,0,SELL_USD
2024-03-11,0.7880390899353114,CONSOLIDATION,1,BUY_USD
2024-03-12,0.7698506569836483,CONSOLIDATION,1,BUY_USD
2024-03-13,0.9188882506796183,CONSOLIDATION,1,BUY_USD
2024-03-14,0.9102451263958753,CONSOLIDATION,1,BUY_USD
2024-03-15,0.9126471252016908,CONSOLIDATION,1,BUY_USD
2024-03-18,0.8958640068670791,CONSOLIDATION,1,BUY_USD
2024-03-19,0.8784128984519196,CONSOLIDATION,1,BUY_USD
2024-03-20,0.6610697787181152,CONSOLIDATION,1,BUY_USD
2024-03-21,0.23392717623095022,CONSOLIDATION,0,SELL_USD
2024-03-22,0.21920569878600554,CONSOLIDATION,0,SELL_USD
2024-03-25,0.14164957946146475,CONSOLIDATION,0,SELL_USD
2024-03-26,0.12431551618121567,CONSOLIDATION,0,SELL_USD
2024-03-27,0.11759109580679858,CONSOLIDATION,0,SELL_USD
2024-03-28,0.10004752109457851,CONSOLIDATION,0,SELL_USD
2024-03-29,0.11200538773408794,CONSOLIDATION,0,SELL_USD
2024-04-01,0.1032968864317002,CONSOLIDATION,0,SELL_USD
2024-04-02,0.17690761319895976,CONSOLIDATION,0,SELL_USD
2024-04-03,0.567018852839237,CONSOLIDATION,1,BUY_USD
2024-04-04,0.7496444898762288,CONSOLIDATION,1,BUY_USD
2024-04-05,0.8511009589619474,CONSOLIDATION,1,BUY_USD
2024-04-08,0.9141704489382138,CONSOLIDATION,1,BUY_USD
2024-04-09,0.9178567283931902,CONSOLIDATION,1,BUY_USD
2024-04-10,0.8796168029762729,CONSOLIDATION,1,BUY_USD
2024-04-11,0.6139807577581313,CONSOLIDATION,1,BUY_USD
2024-04-12,0.18825850940796418,CONSOLIDATION,0,SELL_USD
2024-04-15,0.0787179942977853,CONSOLIDATION,0,SELL_USD
2024-04-16,0.08254705634708741,CONSOLIDATION,0,SELL_USD
2024-04-17,0.03620507535845739,CONSOLIDATION,0,SELL_USD
2024-04-18,0.03280863016054842,CONSOLIDATION,0,SELL_USD
2024-04-19,0.06612601430536824,CONSOLIDATION,0,SELL_USD
2024-04-22,0.0709259637669633,CONSOLIDATION,0,SELL_USD
2024-04-23,0.09312218548399576,CONSOLIDATION,0,SELL_USD
2024-04-24,0.1024245929072943,CONSOLIDATION,0,SELL_USD
2024-04-25,0.06681178975111857,CONSOLIDATION,0,SELL_USD
2024-04-26,0.06203203403961073,CONSOLIDATION,0,SELL_USD
2024-04-29,0.06331872972108457,CONSOLIDATION,0,SELL_USD
2024-04-30,0.13962196906177127,CONSOLIDATION,0,SELL_USD
2024-05-01,0.06992928479805623,CONSOLIDATION,0,SELL_USD
2024-05-02,0.06812031550344694,CONSOLIDATION,0,SELL_USD
2024-05-03,0.0701552055373789,CONSOLIDATION,0,SELL_USD
2024-05-06,0.10320347425562482,CONSOLIDATION,0,SELL_USD
2024-05-07,0.1513890644031985,CONSOLIDATION,0,SELL_USD
2024-05-08,0.13212272323721874,CONSOLIDATION,0,SELL_USD
2024-05-09,0.10317870978636123,CONSOLIDATION,0,SELL_USD
2024-05-10,0.1472063893739813,CONSOLIDATION,0,SELL_USD
2024-05-13,0.25173171592646804,CONSOLIDATION,0,SELL_USD
2024-05-14,0.18795020894002662,CONSOLIDATION,0,SELL_USD
2024-05-15,0.272690380546036,CONSOLIDATION,0,SELL_USD
2024-05-16,0.8019252931384531,CONSOLIDATION,1,BUY_USD
2024-05-17,0.8138033127377049,CONSOLIDATION,1,BUY_USD
2024-05-20,0.8293579586010166,CONSOLIDATION,1,BUY_USD
2024-05-21,0.8547375574626425,CONSOLIDATION,1,BUY_USD
2024-05-22,0.8724609238660062,CONSOLIDATION,1,BUY_USD
2024-05-23,0.8233557341377163,CONSOLIDATION,1,BUY_USD
2024-05-24,0.3631146198593082,CONSOLIDATION,0,SELL_USD
2024-05-27,0.30336651611674814,CONSOLIDATION,0,SELL_USD
2024-05-28,0.6729466283695071,CONSOLIDATION,1,BUY_USD
2024-05-29,0.9014312592424473,CONSOLIDATION,1,BUY_USD
2024-05-30,0.8807076282685175,CONSOLIDATION,1,BUY_USD
2024-05-31,0.8783779357494925,CONSOLIDATION,1,BUY_USD
2024-06-03,0.7938978132132858,CONSOLIDATION,1,BUY_USD
2024-06-04,0.901807276595721,CONSOLIDATION,1,BUY_USD
2024-06-05,0.8723451424726305,CONSOLIDATION,1,BUY_USD
2024-06-06,0.9019130139314615,CONSOLIDATION,1,BUY_USD
2024-06-07,0.92685886060528,CONSOLIDATION,1,BUY_USD
2024-06-10,0.9065552895559318,CONSOLIDATION,1,BUY_USD
2024-06-11,0.8431848231697097,CONSOLIDATION,1,BUY_USD
2024-06-12,0.7863346897123163,CONSOLIDATION,1,BUY_USD
2024-06-13,0.864996236988216,CONSOLIDATION,1,BUY_USD
2024-06-14,0.8254649029089174,CONSOLIDATION,1,BUY_USD
2024-06-17,0.8225556138007069,CONSOLIDATION,1,BUY_USD
2024-06-18,0.8036463315400502,CONSOLIDATION,1,BUY_USD
2024-06-19,0.7709598540560572,CONSOLIDATION,1,BUY_USD
2024-06-20,0.7971270768101798,CONSOLIDATION,1,BUY_USD
2024-06-21,0.8085150772741665,CONSOLIDATION,1,BUY_USD
2024-06-24,0.8422255324154366,CONSOLIDATION,1,BUY_USD
2024-06-25,0.22988453086856664,CONSOLIDATION,0,SELL_USD
2024-06-26,0.21367194787232935,CONSOLIDATION,0,SELL_USD
2024-06-27,0.117795981541876,CONSOLIDATION,0,SELL_USD
2024-06-28,0.10406947388696777,CONSOLIDATION,0,SELL_USD
2024-07-01,0.11254024840525269,CONSOLIDATION,0,SELL_USD
2024-07-02,0.14169786167183157,CONSOLIDATION,0,SELL_USD
2024-07-03,0.1805924493744176,CONSOLIDATION,0,SELL_USD
2024-07-04,0.18012906603153356,CONSOLIDATION,0,SELL_USD
2024-07-05,0.25840750962603865,CONSOLIDATION,0,SELL_USD
2024-07-08,0.791813621757036,CONSOLIDATION,1,BUY_USD
2024-07-09,0.7656062021570674,CONSOLIDATION,1,BUY_USD
2024-07-10,0.7240925318591359,CONSOLIDATION,1,BUY_USD
2024-07-11,0.8594691464166003,CONSOLIDATION,1,BUY_USD
2024-07-12,0.8836952108009182,CONSOLIDATION,1,BUY_USD
2024-07-15,0.9724457324000836,CONSOLIDATION,1,BUY_USD
2024-07-16,0.9609541622149422,CONSOLIDATION,1,BUY_USD
2024-07-17,0.961163160185494,CONSOLIDATION,1,BUY_USD
2024-07-18,0.9252131562351005,CONSOLIDATION,1,BUY_USD
2024-07-19,0.8413831059492084,CONSOLIDATION,1,BUY_USD
2024-07-22,0.3394218811366855,CONSOLIDATION,0,SELL_USD
2024-07-23,0.6389306313913209,CONSOLIDATION,1,BUY_USD
2024-07-24,0.23839558150161136,CONSOLIDATION,0,SELL_USD
2024-07-25,0.20387068553210635,CONSOLIDATION,0,SELL_USD
2024-07-26,0.18982014576419304,CONSOLIDATION,0,SELL_USD
2024-07-29,0.2419702052817975,CONSOLIDATION,0,SELL_USD
2024-07-30,0.158785898715542,CONSOLIDATION,0,SELL_USD
2024-07-31,0.12076880568662773,CONSOLIDATION,0,SELL_USD
2024-08-01,0.17712695610909018,CONSOLIDATION,0,SELL_USD
2024-08-02,0.13622857902667374,CONSOLIDATION,0,SELL_USD
2024-08-05,0.4829586084927269,CONSOLIDATION,0,HOLD
2024-08-06,0.09236322993535123,CONSOLIDATION,0,SELL_USD
2024-08-07,0.1422833231689362,CONSOLIDATION,0,SELL_USD
2024-08-08,0.07560461089767162,CONSOLIDATION,0,SELL_USD
2024-08-09,0.11251599959435979,CONSOLIDATION,0,SELL_USD
2024-08-12,0.0842021451683869,CONSOLIDATION,0,SELL_USD
2024-08-13,0.1545235894073127,CONSOLIDATION,0,SELL_USD
2024-08-14,0.16333942953426214,CONSOLIDATION,0,SELL_USD
2024-08-15,0.13432669614382461,CONSOLIDATION,0,SELL_USD
2024-08-16,0.11624053921567597,CONSOLIDATION,0,SELL_USD
2024-08-19,0.10741567201517668,CONSOLIDATION,0,SELL_USD
2024-08-20,0.31902626501706655,CONSOLIDATION,0,SELL_USD
2024-08-21,0.5111687750822096,CONSOLIDATION,1,HOLD
2024-08-22,0.8921686474849915,CONSOLIDATION,1,BUY_USD
2024-08-23,0.831948265876694,CONSOLIDATION,1,BUY_USD
2024-08-26,0.8996556558577317,CONSOLIDATION,1,BUY_USD
2024-08-27,0.8864518275986975,CONSOLIDATION,1,BUY_USD
2024-08-28,0.8888155114931724,CONSOLIDATION,1,BUY_USD
2024-08-29,0.8652430583758008,CONSOLIDATION,1,BUY_USD
2024-08-30,0.8590415333857858,CONSOLIDATION,1,BUY_USD
2024-09-02,0.8725209863895091,CONSOLIDATION,1,BUY_USD
2024-09-03,0.8666751413216913,CONSOLIDATION,1,BUY_USD
2024-09-04,0.7432427981120371,CONSOLIDATION,1,BUY_USD
2024-09-05,0.16408848688564526,CONSOLIDATION,0,SELL_USD
2024-09-06,0.21581305040708654,CONSOLIDATION,0,SELL_USD
2024-09-09,0.12085908985389368,CONSOLIDATION,0,SELL_USD
2024-09-10,0.07653884625527743,CONSOLIDATION,0,SELL_USD
2024-09-11,0.07593542262181667,CONSOLIDATION,0,SELL_USD
2024-09-12,0.09557004041869546,CONSOLIDATION,0,SELL_USD
2024-09-13,0.11233477457996563,CONSOLIDATION,0,SELL_USD
2024-09-16,0.1685296076895904,CONSOLIDATION,0,SELL_USD
2024-09-17,0.21912687227305533,CONSOLIDATION,0,SELL_USD
2024-09-18,0.20720365223569226,CONSOLIDATION,0,SELL_USD
2024-09-19,0.21527449372580565,CONSOLIDATION,0,SELL_USD
2024-09-20,0.17041850438957565,CONSOLIDATION,0,SELL_USD
2024-09-23,0.17739585235234845,CONSOLIDATION,0,SELL_USD
2024-09-24,0.6956541389780695,CONSOLIDATION,1,BUY_USD
2024-09-25,0.8431639702218672,CONSOLIDATION,1,BUY_USD
2024-09-26,0.8765416027264301,CONSOLIDATION,1,BUY_USD
2024-09-27,0.9102714243262005,CONSOLIDATION,1,BUY_USD
2024-09-30,0.9458619875771948,CONSOLIDATION,1,BUY_USD
2024-10-01,0.9312996665062038,SYSTEMIC_STRESS,1,BUY_USD
2024-10-02,0.9158906024953114,SYSTEMIC_STRESS,1,BUY_USD
2024-10-03,0.9132821290954569,SYSTEMIC_STRESS,1,BUY_USD
2024-10-04,0.9005545512618618,SYSTEMIC_STRESS,1,BUY_USD
2024-10-07,0.9019895494731441,SYSTEMIC_STRESS,1,BUY_USD
2024-10-08,0.9208118084735707,SYSTEMIC_STRESS,1,BUY_USD
2024-10-09,0.905710211887079,SYSTEMIC_STRESS,1,BUY_USD
2024-10-10,0.8972012974869555,SYSTEMIC_STRESS,1,BUY_USD
2024-10-11,0.8957772652069464,SYSTEMIC_STRESS,1,BUY_USD
2024-10-14,0.9214036135043833,SYSTEMIC_STRESS,1,BUY_USD
2024-10-15,0.9445985380498344,SYSTEMIC_STRESS,1,BUY_USD
2024-10-16,0.916018700436829,SYSTEMIC_STRESS,1,BUY_USD
2024-10-17,0.9241561604367577,SYSTEMIC_STRESS,1,BUY_USD
2024-10-18,0.8920779906085893,SYSTEMIC_STRESS,1,BUY_USD
2024-10-21,0.9380590360730607,SYSTEMIC_STRESS,1,BUY_USD
2024-10-22,0.9153820286641812,SYSTEMIC_STRESS,1,BUY_USD
2024-10-23,0.9133791901325704,SYSTEMIC_STRESS,1,BUY_USD
2024-10-24,0.909947872880912,SYSTEMIC_STRESS,1,BUY_USD
2024-10-25,0.9124355604687835,SYSTEMIC_STRESS,1,BUY_USD
2024-10-28,0.9217809552820035,SYSTEMIC_STRESS,1,BUY_USD
2024-10-29,0.9098604842930051,SYSTEMIC_STRESS,1,BUY_USD
2024-10-30,0.8884103481694141,SYSTEMIC_STRESS,1,BUY_USD
2024-10-31,0.833353563310639,SYSTEMIC_STRESS,1,BUY_USD
2024-11-01,0.8032617307134463,SYSTEMIC_STRESS,1,BUY_USD
2024-11-04,0.8534618164157863,SYSTEMIC_STRESS,1,BUY_USD
2024-11-05,0.8786104772685294,SYSTEMIC_STRESS,1,BUY_USD
2024-11-06,0.9133971083417876,SYSTEMIC_STRESS,1,BUY_USD
2024-11-07,0.7941924200685334,SYSTEMIC_STRESS,1,BUY_USD
2024-11-08,0.887737763836802,SYSTEMIC_STRESS,1,BUY_USD
2024-11-11,0.8808901825071661,SYSTEMIC_STRESS,1,BUY_USD
2024-11-12,0.8172606218576444,SYSTEMIC_STRESS,1,BUY_USD
2024-11-13,0.41538428723345955,SYSTEMIC_STRESS,0,SELL_USD
2024-11-14,0.31469026987835536,SYSTEMIC_STRESS,0,SELL_USD
2024-11-15,0.6808013673940065,SYSTEMIC_STRESS,1,BUY_USD
2024-11-18,0.44175848548965835,SYSTEMIC_STRESS,0,HOLD
2024-11-19,0.7547797105749963,SYSTEMIC_STRESS,1,BUY_USD
2024-11-20,0.8745208682444762,SYSTEMIC_STRESS,1,BUY_USD
2024-11-21,0.813762752198871,SYSTEMIC_STRESS,1,BUY_USD
2024-11-22,0.3568286504096845,SYSTEMIC_STRESS,0,SELL_USD
2024-11-25,0.3636698627281816,SYSTEMIC_STRESS,0,SELL_USD
2024-11-26,0.2670870763700525,SYSTEMIC_STRESS,0,SELL_USD
2024-11-27,0.2491635054546037,SYSTEMIC_STRESS,0,SELL_USD
2024-11-28,0.28616875898734556,SYSTEMIC_STRESS,0,SELL_USD
2024-11-29,0.3992189224015903,SYSTEMIC_STRESS,0,SELL_USD
2024-12-02,0.8368259290048141,SYSTEMIC_STRESS,1,BUY_USD
2024-12-03,0.8306146761006018,SYSTEMIC_STRESS,1,BUY_USD
2024-12-04,0.9142573009445112,SYSTEMIC_STRESS,1,BUY_USD
2024-12-05,0.9133562366001785,SYSTEMIC_STRESS,1,BUY_USD
2024-12-06,0.9374865634699983,SYSTEMIC_STRESS,1,BUY_USD
2024-12-09,0.9476236210645484,SYSTEMIC_STRESS,1,BUY_USD
2024-12-10,0.9585313257197116,SYSTEMIC_STRESS,1,BUY_USD
2024-12-11,0.9050844412192363,SYSTEMIC_STRESS,1,BUY_USD
2024-12-12,0.8841797839602306,SYSTEMIC_STRESS,1,BUY_USD
2024-12-13,0.8442127087965606,SYSTEMIC_STRESS,1,BUY_USD
2024-12-16,0.8497233269490267,SYSTEMIC_STRESS,1,BUY_USD
2024-12-17,0.8568966467116388,SYSTEMIC_STRESS,1,BUY_USD
2024-12-18,0.882442274103948,SYSTEMIC_STRESS,1,BUY_USD
2024-12-19,0.8447760763753954,SYSTEMIC_STRESS,1,BUY_USD
2024-12-20,0.84325246803713,SYSTEMIC_STRESS,1,BUY_USD
2024-12-23,0.8552166811026619,SYSTEMIC_STRESS,1,BUY_USD
2024-12-24,0.8433672489981723,SYSTEMIC_STRESS,1,BUY_USD
2024-12-25,0.8506321486624241,SYSTEMIC_STRESS,1,BUY_USD
2024-12-26,0.8529583051119983,SYSTEMIC_STRESS,1,BUY_USD
2024-12-27,0.8542833458905289,SYSTEMIC_STRESS,1,BUY_USD
2024-12-30,0.8358774642437754,SYSTEMIC_STRESS,1,BUY_USD
2024-12-31,0.7913667612368638,SYSTEMIC_STRESS,1,BUY_USD
2025-01-02,0.8351099663174171,SYSTEMIC_STRESS,1,BUY_USD
2025-01-03,0.7065663749937566,SYSTEMIC_STRESS,1,BUY_USD
2025-01-06,0.12510372283694587,SYSTEMIC_STRESS,0,SELL_USD
2025-01-07,0.07550905514092504,SYSTEMIC_STRESS,0,SELL_USD
2025-01-08,0.08443893163186479,SYSTEMIC_STRESS,0,SELL_USD
2025-01-09,0.09080532622505062,SYSTEMIC_STRESS,0,SELL_USD
2025-01-10,0.08207183554164937,SYSTEMIC_STRESS,0,SELL_USD
2025-01-13,0.06981507797956964,SYSTEMIC_STRESS,0,SELL_USD
2025-01-14,0.06895475584757828,SYSTEMIC_STRESS,0,SELL_USD
2025-01-15,0.06025967772673486,SYSTEMIC_STRESS,0,SELL_USD
2025-01-16,0.06602844992915569,SYSTEMIC_STRESS,0,SELL_USD
2025-01-17,0.07137672523335056,SYSTEMIC_STRESS,0,SELL_USD
2025-01-20,0.11367802472383728,SYSTEMIC_STRESS,0,SELL_USD
2025-01-21,0.1903782597945027,SYSTEMIC_STRESS,0,SELL_USD
2025-01-22,0.2359048441458495,SYSTEMIC_STRESS,0,SELL_USD
2025-01-23,0.18270360912493988,SYSTEMIC_STRESS,0,SELL_USD
2025-01-24,0.211090047533105,SYSTEMIC_STRESS,0,SELL_USD
2025-01-27,0.2798688437900328,SYSTEMIC_STRESS,0,SELL_USD
2025-01-28,0.17567386303108254,SYSTEMIC_STRESS,0,SELL_USD
2025-01-29,0.16445348928522185,SYSTEMIC_STRESS,0,SELL_USD
2025-01-30,0.10770750961450684,SYSTEMIC_STRESS,0,SELL_USD
2025-01-31,0.18120346697421402,SYSTEMIC_STRESS,0,SELL_USD
2025-02-03,0.5647804990179288,SYSTEMIC_STRESS,1,BUY_USD
2025-02-04,0.500053471811927,SYSTEMIC_STRESS,1,HOLD
2025-02-05,0.74625284111222,SYSTEMIC_STRESS,1,BUY_USD
2025-02-06,0.6433628669386214,SYSTEMIC_STRESS,1,BUY_USD
2025-02-07,0.6490703077361919,SYSTEMIC_STRESS,1,BUY_USD
2025-02-10,0.6809384436915488,SYSTEMIC_STRESS,1,BUY_USD
2025-02-11,0.7562776629667783,SYSTEMIC_STRESS,1,BUY_USD
2025-02-12,0.7172419268548645,SYSTEMIC_STRESS,1,BUY_USD
2025-02-13,0.7153970994221756,SYSTEMIC_STRESS,1,BUY_USD
2025-02-14,0.6703303505114565,SYSTEMIC_STRESS,1,BUY_USD
2025-02-17,0.7616306595817122,SYSTEMIC_STRESS,1,BUY_USD
2025-02-18,0.7744887462543708,SYSTEMIC_STRESS,1,BUY_USD
2025-02-19,0.7460113152153056,SYSTEMIC_STRESS,1,BUY_USD
2025-02-20,0.7346508180122846,SYSTEMIC_STRESS,1,BUY_USD
2025-02-21,0.7592936649498795,SYSTEMIC_STRESS,1,BUY_USD
2025-02-24,0.7699266872355442,SYSTEMIC_STRESS,1,BUY_USD
2025-02-25,0.7780088571573568,SYSTEMIC_STRESS,1,BUY_USD
2025-02-26,0.7416530833628148,SYSTEMIC_STRESS,1,BUY_USD
2025-02-27,0.7665858098804171,SYSTEMIC_STRESS,1,BUY_USD
2025-02-28,0.7542165750344908,SYSTEMIC_STRESS,1,BUY_USD
2025-03-03,0.7582537738015995,SYSTEMIC_STRESS,1,BUY_USD
2025-03-04,0.7498103291044245,SYSTEMIC_STRESS,1,BUY_USD
2025-03-05,0.7399193982279619,SYSTEMIC_STRESS,1,BUY_USD
2025-03-06,0.7775858686841064,SYSTEMIC_STRESS,1,BUY_USD
2025-03-07,0.8057386535589276,SYSTEMIC_STRESS,1,BUY_USD
2025-03-10,0.8629371713323334,SYSTEMIC_STRESS,1,BUY_USD
2025-03-11,0.47447618843486267,SYSTEMIC_STRESS,0,HOLD
2025-03-12,0.7984055877983891,SYSTEMIC_STRESS,1,BUY_USD
2025-03-13,0.7837315994782007,SYSTEMIC_STRESS,1,BUY_USD
2025-03-14,0.8061051411762925,SYSTEMIC_STRESS,1,BUY_USD
2025-03-17,0.8554393460182388,SYSTEMIC_STRESS,1,BUY_USD
2025-03-18,0.8916962738510781,SYSTEMIC_STRESS,1,BUY_USD
2025-03-19,0.8730384785330936,SYSTEMIC_STRESS,1,BUY_USD
2025-03-20,0.8638652912487709,SYSTEMIC_STRESS,1,BUY_USD
2025-03-21,0.8516784482025569,SYSTEMIC_STRESS,1,BUY_USD
2025-03-24,0.8458137575270447,SYSTEMIC_STRESS,1,BUY_USD
2025-03-25,0.747116688421842,SYSTEMIC_STRESS,1,BUY_USD
2025-03-26,0.7582053948224861,SYSTEMIC_STRESS,1,BUY_USD
2025-03-27,0.6326624635884076,SYSTEMIC_STRESS,1,BUY_USD
2025-03-28,0.6579072474318896,SYSTEMIC_STRESS,1,BUY_USD
2025-03-31,0.6742743897370806,SYSTEMIC_STRESS,1,BUY_USD
2025-04-01,0.8444281833184809,SYSTEMIC_STRESS,1,BUY_USD
2025-04-02,0.8261113776360353,SYSTEMIC_STRESS,1,BUY_USD
2025-04-03,0.6754311474116932,SYSTEMIC_STRESS,1,BUY_USD
2025-04-04,0.7341919973094012,SYSTEMIC_STRESS,1,BUY_USD
2025-04-07,0.08678138140519571,SYSTEMIC_STRESS,0,SELL_USD
2025-04-08,0.04999379893981112,SYSTEMIC_STRESS,0,SELL_USD
2025-04-09,0.031123393074741042,SYSTEMIC_STRESS,0,SELL_USD
2025-04-10,0.034360875226953656,SYSTEMIC_STRESS,0,SELL_USD
2025-04-11,0.023434248132680618,SYSTEMIC_STRESS,0,SELL_USD
2025-04-14,0.05442715690780703,SYSTEMIC_STRESS,0,SELL_USD
2025-04-15,0.08855821580989293,SYSTEMIC_STRESS,0,SELL_USD
2025-04-16,0.09348980246626248,SYSTEMIC_STRESS,0,SELL_USD
2025-04-17,0.0934977389184235,SYSTEMIC_STRESS,0,SELL_USD
2025-04-22,0.10352257609623436,SYSTEMIC_STRESS,0,SELL_USD
2025-04-23,0.23937738025828778,SYSTEMIC_STRESS,0,SELL_USD
2025-04-24,0.7211560227960612,SYSTEMIC_STRESS,1,BUY_USD
2025-04-25,0.8147236414730579,SYSTEMIC_STRESS,1,BUY_USD
2025-04-28,0.5106716285607745,SYSTEMIC_STRESS,1,HOLD
2025-04-29,0.5647707048396792,SYSTEMIC_STRESS,1,BUY_USD
2025-04-30,0.25618562342240536,SYSTEMIC_STRESS,0,SELL_USD
2025-05-01,0.14140326433657385,SYSTEMIC_STRESS,0,SELL_USD
2025-05-02,0.22454072612527726,SYSTEMIC_STRESS,0,SELL_USD
2025-05-05,0.19801557230011663,SYSTEMIC_STRESS,0,SELL_USD
2025-05-06,0.7072665520442953,SYSTEMIC_STRESS,1,BUY_USD
2025-05-07,0.7210727891439547,SYSTEMIC_STRESS,1,BUY_USD
2025-05-08,0.31766443227404306,SYSTEMIC_STRESS,0,SELL_USD
2025-05-09,0.5022021451060755,SYSTEMIC_STRESS,1,HOLD
2025-05-12,0.6794537930982613,SYSTEMIC_STRESS,1,BUY_USD
2025-05-13,0.25002047510802033,SYSTEMIC_STRESS,0,SELL_USD
2025-05-14,0.34396562832445376,SYSTEMIC_STRESS,0,SELL_USD
2025-05-15,0.10622812852415522,SYSTEMIC_STRESS,0,SELL_USD
2025-05-16,0.16282699610211976,SYSTEMIC_STRESS,0,SELL_USD
2025-05-19,0.16490804368555978,SYSTEMIC_STRESS,0,SELL_USD
2025-05-20,0.0966140446303613,SYSTEMIC_STRESS,0,SELL_USD
2025-05-21,0.0825236365842959,SYSTEMIC_STRESS,0,SELL_USD
2025-05-22,0.09081207103960905,SYSTEMIC_STRESS,0,SELL_USD
2025-05-23,0.07049904256020556,SYSTEMIC_STRESS,0,SELL_USD
2025-05-26,0.06778359423743996,SYSTEMIC_STRESS,0,SELL_USD
2025-05-27,0.09458565566706814,SYSTEMIC_STRESS,0,SELL_USD
2025-05-28,0.13678180208311425,SYSTEMIC_STRESS,0,SELL_USD
2025-05-29,0.08657933271089013,SYSTEMIC_STRESS,0,SELL_USD
2025-05-30,0.07077469845420103,SYSTEMIC_STRESS,0,SELL_USD
2025-06-02,0.18472386036702743,SYSTEMIC_STRESS,0,SELL_USD
2025-06-03,0.29656852002227824,SYSTEMIC_STRESS,0,SELL_USD
2025-06-04,0.5881680421693039,SYSTEMIC_STRESS,1,BUY_USD
2025-06-05,0.6616390445189955,SYSTEMIC_STRESS,1,BUY_USD
2025-06-06,0.7599013468242418,SYSTEMIC_STRESS,1,BUY_USD
2025-06-09,0.7283404895994319,SYSTEMIC_STRESS,1,BUY_USD
2025-06-10,0.6310126684507258,SYSTEMIC_STRESS,1,BUY_USD
2025-06-11,0.3349663353990914,SYSTEMIC_STRESS,0,SELL_USD
2025-06-12,0.7464710153600781,SYSTEMIC_STRESS,1,BUY_USD
2025-06-13,0.6984833165346852,SYSTEMIC_STRESS,1,BUY_USD
2025-06-16,0.8214532392160968,SYSTEMIC_STRESS,1,BUY_USD
2025-06-17,0.2625197206405732,SYSTEMIC_STRESS,0,SELL_USD
2025-06-18,0.1483633738061826,SYSTEMIC_STRESS,0,SELL_USD
2025-06-19,0.19748440946911933,SYSTEMIC_STRESS,0,SELL_USD
2025-06-20,0.24405740937449294,SYSTEMIC_STRESS,0,SELL_USD
2025-06-23,0.22136426099570666,SYSTEMIC_STRESS,0,SELL_USD
2025-06-24,0.3186837705020021,SYSTEMIC_STRESS,0,SELL_USD
2025-06-25,0.8667617463840926,SYSTEMIC_STRESS,1,BUY_USD
2025-06-26,0.8307181181883825,SYSTEMIC_STRESS,1,BUY_USD
2025-06-27,0.9091325467892613,SYSTEMIC_STRESS,1,BUY_USD
2025-06-30,0.8966719209071656,SYSTEMIC_STRESS,1,BUY_USD
2025-07-01,0.9001153173445989,SYSTEMIC_STRESS,1,BUY_USD
2025-07-02,0.8835996761713202,SYSTEMIC_STRESS,1,BUY_USD
2025-07-03,0.8914478361259185,SYSTEMIC_STRESS,1,BUY_USD
2025-07-04,0.8945659607547524,SYSTEMIC_STRESS,1,BUY_USD
2025-07-07,0.8811788511911104,SYSTEMIC_STRESS,1,BUY_USD
2025-07-08,0.8005505394100624,SYSTEMIC_STRESS,1,BUY_USD
2025-07-09,0.7625527565748783,SYSTEMIC_STRESS,1,BUY_USD
2025-07-10,0.42726842931149683,SYSTEMIC_STRESS,0,SELL_USD
2025-07-11,0.671731259325375,SYSTEMIC_STRESS,1,BUY_USD
2025-07-14,0.4549529155596282,SYSTEMIC_STRESS,0,HOLD
2025-07-15,0.20343201735156918,SYSTEMIC_STRESS,0,SELL_USD
2025-07-16,0.19795463848495473,SYSTEMIC_STRESS,0,SELL_USD
2025-07-17,0.6714387980915698,SYSTEMIC_STRESS,1,BUY_USD
2025-07-18,0.7135849320426026,SYSTEMIC_STRESS,1,BUY_USD
2025-07-21,0.41412294632213054,SYSTEMIC_STRESS,0,SELL_USD
2025-07-22,0.8318120342768573,SYSTEMIC_STRESS,1,BUY_USD
2025-07-23,0.8151914227339618,SYSTEMIC_STRESS,1,BUY_USD
2025-07-24,0.8612938238139813,SYSTEMIC_STRESS,1,BUY_USD
2025-07-25,0.8299454660788839,SYSTEMIC_STRESS,1,BUY_USD
2025-07-28,0.8544588458676415,SYSTEMIC_STRESS,1,BUY_USD
2025-07-29,0.7433818200320103,SYSTEMIC_STRESS,1,BUY_USD
2025-07-30,0.3369087622875049,SYSTEMIC_STRESS,0,SELL_USD
2025-07-31,0.2031747181656941,SYSTEMIC_STRESS,0,SELL_USD
2025-08-01,0.19631460317949895,SYSTEMIC_STRESS,0,SELL_USD
2025-08-04,0.7070952313511647,SYSTEMIC_STRESS,1,BUY_USD
2025-08-05,0.3218815874699473,SYSTEMIC_STRESS,0,SELL_USD
2025-08-06,0.29247643591980177,SYSTEMIC_STRESS,0,SELL_USD
2025-08-07,0.24594652924067142,SYSTEMIC_STRESS,0,SELL_USD
2025-08-08,0.7052243327823048,SYSTEMIC_STRESS,1,BUY_USD
2025-08-11,0.23666942784280692,SYSTEMIC_STRESS,0,SELL_USD
2025-08-12,0.3167750775426783,SYSTEMIC_STRESS,0,SELL_USD
2025-08-13,0.8694710144850608,SYSTEMIC_STRESS,1,BUY_USD
2025-08-14,0.9254457055892484,SYSTEMIC_STRESS,1,BUY_USD
2025-08-15,0.8762844048574688,SYSTEMIC_STRESS,1,BUY_USD
2025-08-18,0.8035774544886893,SYSTEMIC_STRESS,1,BUY_USD
2025-08-19,0.8277691239577941,SYSTEMIC_STRESS,1,BUY_USD
2025-08-20,0.8281072794427666,SYSTEMIC_STRESS,1,BUY_USD
2025-08-21,0.7752656834682413,SYSTEMIC_STRESS,1,BUY_USD
2025-08-22,0.7804774547569461,SYSTEMIC_STRESS,1,BUY_USD
2025-08-25,0.8720460651150899,SYSTEMIC_STRESS,1,BUY_USD
2025-08-26,0.8374713937946641,SYSTEMIC_STRESS,1,BUY_USD
2025-08-27,0.7495208885292893,SYSTEMIC_STRESS,1,BUY_USD
2025-08-28,0.41155130673360574,SYSTEMIC_STRESS,0,SELL_USD
2025-08-29,0.2942799817855301,SYSTEMIC_STRESS,0,SELL_USD
2025-09-01,0.1321529139580228,SYSTEMIC_STRESS,0,SELL_USD
2025-09-02,0.09696983843134263,SYSTEMIC_STRESS,0,SELL_USD
2025-09-03,0.085552091877236,SYSTEMIC_STRESS,0,SELL_USD
2025-09-04,0.08942528810747857,SYSTEMIC_STRESS,0,SELL_USD
2025-09-05,0.04742870653455954,SYSTEMIC_STRESS,0,SELL_USD
2025-09-08,0.0739201618439565,SYSTEMIC_STRESS,0,SELL_USD
2025-09-09,0.050051574828884414,SYSTEMIC_STRESS,0,SELL_USD
2025-09-10,0.26655812524999306,SYSTEMIC_STRESS,0,SELL_USD
2025-09-11,0.14687187731966447,SYSTEMIC_STRESS,0,SELL_USD
2025-09-12,0.6974827531042648,SYSTEMIC_STRESS,1,BUY_USD
2025-09-15,0.7779272063649175,SYSTEMIC_STRESS,1,BUY_USD
2025-09-16,0.7919242118100445,SYSTEMIC_STRESS,1,BUY_USD
2025-09-17,0.7478389863712749,SYSTEMIC_STRESS,1,BUY_USD
2025-09-18,0.755987096140036,SYSTEMIC_STRESS,1,BUY_USD
2025-09-19,0.6834989674239171,SYSTEMIC_STRESS,1,BUY_USD
2025-09-22,0.3391067905311683,SYSTEMIC_STRESS,0,SELL_USD
2025-09-23,0.7003950610144966,SYSTEMIC_STRESS,1,BUY_USD
2025-09-24,0.7251844523097897,SYSTEMIC_STRESS,1,BUY_USD
2025-09-25,0.2752944245827049,SYSTEMIC_STRESS,0,SELL_USD
2025-09-26,0.2205371510141408,SYSTEMIC_STRESS,0,SELL_USD
2025-09-29,0.1401608057878927,SYSTEMIC_STRESS,0,SELL_USD
2025-09-30,0.0589578264125125,SYSTEMIC_STRESS,0,SELL_USD
2025-10-01,0.06414093749164257,SYSTEMIC_STRESS,0,SELL_USD
2025-10-02,0.07145313637141734,SYSTEMIC_STRESS,0,SELL_USD
2025-10-03,0.0751136941765693,SYSTEMIC_STRESS,0,SELL_USD
2025-10-06,0.5357235757540734,SYSTEMIC_STRESS,1,HOLD
2025-10-07,0.07704692791032969,SYSTEMIC_STRESS,0,SELL_USD
2025-10-08,0.05113637760016125,SYSTEMIC_STRESS,0,SELL_USD
2025-10-09,0.06026437369869474,SYSTEMIC_STRESS,0,SELL_USD
2025-10-10,0.07560474031040948,SYSTEMIC_STRESS,0,SELL_USD
2025-10-13,0.03702513538112985,SYSTEMIC_STRESS,0,SELL_USD
2025-10-14,0.04055767206852742,SYSTEMIC_STRESS,0,SELL_USD
2025-10-15,0.029739433470006103,SYSTEMIC_STRESS,0,SELL_USD
2025-10-16,0.02801645103513456,SYSTEMIC_STRESS,0,SELL_USD
2025-10-17,0.036185607481384635,SYSTEMIC_STRESS,0,SELL_USD
2025-10-20,0.02296080234130179,SYSTEMIC_STRESS,0,SELL_USD
2025-10-21,0.0749290457027017,SYSTEMIC_STRESS,0,SELL_USD
2025-10-22,0.0464177487200226,SYSTEMIC_STRESS,0,SELL_USD
2025-10-23,0.06483866201053924,SYSTEMIC_STRESS,0,SELL_USD
2025-10-24,0.05277212634223598,SYSTEMIC_STRESS,0,SELL_USD
2025-10-27,0.11400043673107293,SYSTEMIC_STRESS,0,SELL_USD
2025-10-28,0.12602618287192469,SYSTEMIC_STRESS,0,SELL_USD
2025-10-29,0.1022262529810243,SYSTEMIC_STRESS,0,SELL_USD
2025-10-30,0.09283673796703784,SYSTEMIC_STRESS,0,SELL_USD
2025-10-31,0.07340135408472795,SYSTEMIC_STRESS,0,SELL_USD
2025-11-03,0.17542341573137363,SYSTEMIC_STRESS,0,SELL_USD
2025-11-04,0.148954622491893,SYSTEMIC_STRESS,0,SELL_USD
2025-11-05,0.052061767912629564,SYSTEMIC_STRESS,0,SELL_USD
2025-11-06,0.06521597071478306,SYSTEMIC_STRESS,0,SELL_USD
2025-11-07,0.10924764643432014,SYSTEMIC_STRESS,0,SELL_USD
2025-11-10,0.584628707077979,SYSTEMIC_STRESS,1,BUY_USD
2025-11-11,0.5420588182245752,SYSTEMIC_STRESS,1,BUY_USD
2025-11-12,0.12551710097668514,SYSTEMIC_STRESS,0,SELL_USD
2025-11-13,0.11453283894385527,SYSTEMIC_STRESS,0,SELL_USD
2025-11-14,0.19222850225065544,SYSTEMIC_STRESS,0,SELL_USD
2025-11-17,0.7081304727697508,SYSTEMIC_STRESS,1,BUY_USD
2025-11-18,0.672392095196171,SYSTEMIC_STRESS,1,BUY_USD
2025-11-19,0.10351180214088623,SYSTEMIC_STRESS,0,SELL_USD
2025-11-20,0.1183491055924596,SYSTEMIC_STRESS,0,SELL_USD
2025-11-21,0.07652179432566025,SYSTEMIC_STRESS,0,SELL_USD
2025-11-24,0.05974966992556776,SYSTEMIC_STRESS,0,SELL_USD
2025-11-25,0.04305562808977436,SYSTEMIC_STRESS,0,SELL_USD
2025-11-26,0.055657791449325277,SYSTEMIC_STRESS,0,SELL_USD
2025-11-27,0.1180404588969674,SYSTEMIC_STRESS,0,SELL_USD
2025-11-28,0.10503062074292399,SYSTEMIC_STRESS,0,SELL_USD
2025-12-01,0.07415008250036084,SYSTEMIC_STRESS,0,SELL_USD
2025-12-02,0.0694704080996364,SYSTEMIC_STRESS,0,SELL_USD
2025-12-03,0.08059285206750266,SYSTEMIC_STRESS,0,SELL_USD
2025-12-04,0.08831504270144241,SYSTEMIC_STRESS,0,SELL_USD
2025-12-05,0.09807763376711723,SYSTEMIC_STRESS,0,SELL_USD
2025-12-08,0.09873560853577307,SYSTEMIC_STRESS,0,SELL_USD
2025-12-09,0.09057732770851706,SYSTEMIC_STRESS,0,SELL_USD
2025-12-10,0.07516784802998784,SYSTEMIC_STRESS,0,SELL_USD
2025-12-11,0.09731424254454066,SYSTEMIC_STRESS,0,SELL_USD
2025-12-12,0.1357429684037849,SYSTEMIC_STRESS,0,SELL_USD
2025-12-15,0.43120574434057224,SYSTEMIC_STRESS,0,SELL_USD
2025-12-16,0.1624329808292016,SYSTEMIC_STRESS,0,SELL_USD
2025-12-17,0.10595203504518161,SYSTEMIC_STRESS,0,SELL_USD
2025-12-18,0.08790540081008877,SYSTEMIC_STRESS,0,SELL_USD
2025-12-19,0.12879605253073798,SYSTEMIC_STRESS,0,SELL_USD
2025-12-22,0.12881714770764519,SYSTEMIC_STRESS,0,SELL_USD
2025-12-23,0.12139157253087582,SYSTEMIC_STRESS,0,SELL_USD
2025-12-24,0.11139713009070204,SYSTEMIC_STRESS,0,SELL_USD
2025-12-26,0.12387539938776179,SYSTEMIC_STRESS,0,SELL_USD
2025-12-29,0.19075813904529085,SYSTEMIC_STRESS,0,SELL_USD
2025-12-30,0.08683362332455977,SYSTEMIC_STRESS,0,SELL_USD
2025-12-31,0.1296583305468223,SYSTEMIC_STRESS,0,SELL_USD
2026-01-02,0.10420085573207523,SYSTEMIC_STRESS,0,SELL_USD
2026-01-05,0.0881248040768299,SYSTEMIC_STRESS,0,SELL_USD
2026-01-06,0.08307381185855145,SYSTEMIC_STRESS,0,SELL_USD
2026-01-07,0.12215537252906605,SYSTEMIC_STRESS,0,SELL_USD
2026-01-08,0.1101439179792221,SYSTEMIC_STRESS,0,SELL_USD
2026-01-09,0.0984797777689842,SYSTEMIC_STRESS,0,SELL_USD
2026-01-12,0.08084395481679225,SYSTEMIC_STRESS,0,SELL_USD
2026-01-13,0.1370745456851964,SYSTEMIC_STRESS,0,SELL_USD
2026-01-14,0.12389885238816616,SYSTEMIC_STRESS,0,SELL_USD
2026-01-15,0.13806492307646775,SYSTEMIC_STRESS,0,SELL_USD
2026-01-16,0.13445451218471402,SYSTEMIC_STRESS,0,SELL_USD
2026-01-19,0.11767050120365244,SYSTEMIC_STRESS,0,SELL_USD
2026-01-20,0.11776508116400115,SYSTEMIC_STRESS,0,SELL_USD
2026-01-21,0.09352199450917024,SYSTEMIC_STRESS,0,SELL_USD
2026-01-22,0.13260291648611167,SYSTEMIC_STRESS,0,SELL_USD
2026-01-23,0.17131542246759263,SYSTEMIC_STRESS,0,SELL_USD
2026-01-26,0.16432366252319108,SYSTEMIC_STRESS,0,SELL_USD
2026-01-27,0.2420837457376111,SYSTEMIC_STRESS,0,SELL_USD
2026-01-28,0.29749744302185116,SYSTEMIC_STRESS,0,SELL_USD
2026-01-29,0.27847334294126763,SYSTEMIC_STRESS,0,SELL_USD
2026-01-30,0.30679573639726926,SYSTEMIC_STRESS,0,SELL_USD
2026-02-02,0.13240759790151707,SYSTEMIC_STRESS,0,SELL_USD
2026-02-03,0.2511673859804246,SYSTEMIC_STRESS,0,SELL_USD
2026-02-04,0.7830900179321385,SYSTEMIC_STRESS,1,BUY_USD
2026-02-05,0.8193702278606148,SYSTEMIC_STRESS,1,BUY_USD
2026-02-06,0.3852558304212585,SYSTEMIC_STRESS,0,SELL_USD
2026-02-09,0.7590368501377701,SYSTEMIC_STRESS,1,BUY_USD
2026-02-10,0.8859171546460347,SYSTEMIC_STRESS,1,BUY_USD
2026-02-11,0.8766947189173757,SYSTEMIC_STRESS,1,BUY_USD
2026-02-12,0.9099159229876843,SYSTEMIC_STRESS,1,BUY_USD
2026-02-13,0.8458165984915871,SYSTEMIC_STRESS,1,BUY_USD
2026-02-16,0.850512757098534,SYSTEMIC_STRESS,1,BUY_USD
2026-02-17,0.7788743840653332,SYSTEMIC_STRESS,1,BUY_USD
2026-02-18,0.8417617803463013,SYSTEMIC_STRESS,1,BUY_USD
2026-02-19,0.8875491925998009,SYSTEMIC_STRESS,1,BUY_USD
2026-02-20,0.8325787572747422,SYSTEMIC_STRESS,1,BUY_USD
2026-02-23,0.8852139252326352,SYSTEMIC_STRESS,1,BUY_USD
2026-02-24,0.8075541488982501,SYSTEMIC_STRESS,1,BUY_USD
2026-02-25,0.8710758680722779,SYSTEMIC_STRESS,1,BUY_USD
2026-02-26,0.9278306184558747,SYSTEMIC_STRESS,1,BUY_USD
2026-02-27,0.8900367053214687,SYSTEMIC_STRESS,1,BUY_USD
2026-03-02,0.7936312026814787,SYSTEMIC_STRESS,1,BUY_USD
2026-03-03,0.705636968914853,SYSTEMIC_STRESS,1,BUY_USD
2026-03-04,0.5270897527475434,SYSTEMIC_STRESS,1,HOLD
2026-03-05,0.6331962279057981,SYSTEMIC_STRESS,1,BUY_USD
2026-03-06,0.5182773018526949,SYSTEMIC_STRESS,1,HOLD
2026-03-09,0.4429646645512077,SYSTEMIC_STRESS,0,HOLD
2026-03-10,0.48650150681499615,SYSTEMIC_STRESS,0,HOLD
2026-03-11,0.5981035501347464,SYSTEMIC_STRESS,1,BUY_USD
2026-03-12,0.5792173607530327,SYSTEMIC_STRESS,1,BUY_USD
2026-03-13,0.46512317152008076,SYSTEMIC_STRESS,0,HOLD
2026-03-16,0.37086457158236646,SYSTEMIC_STRESS,0,SELL_USD
2026-03-17,0.49006584514033413,SYSTEMIC_STRESS,0,HOLD
2026-03-18,0.5009157367556054,SYSTEMIC_STRESS,1,HOLD
2026-03-19,0.3670573691784663,SYSTEMIC_STRESS,0,SELL_USD
2026-03-20,0.5284118199086878,SYSTEMIC_STRESS,1,HOLD
2026-03-23,0.5003065910121559,SYSTEMIC_STRESS,1,HOLD
2026-03-24,0.6562890537472108,SYSTEMIC_STRESS,1,BUY_USD
2026-03-25,0.4749587116477375,SYSTEMIC_STRESS,0,HOLD
2026-03-26,0.6108202285485825,SYSTEMIC_STRESS,1,BUY_USD
2026-03-27,0.3450120429430634,SYSTEMIC_STRESS,0,SELL_USD
2026-03-30,0.3830868027027348,SYSTEMIC_STRESS,0,SELL_USD
2026-03-31,0.3812131330463993,SYSTEMIC_STRESS,0,SELL_USD
2026-04-01,0.07531860521427403,MODERATE_VOLATILITY,0,SELL_USD
2026-04-02,0.1444239124375526,MODERATE_VOLATILITY,0,SELL_USD
2026-04-03,0.11908323901470577,MODERATE_VOLATILITY,0,SELL_USD
2026-04-06,0.1254423417984235,MODERATE_VOLATILITY,0,SELL_USD
2026-04-07,0.07200381869319517,MODERATE_VOLATILITY,0,SELL_USD
2026-04-08,0.137385983738669,MODERATE_VOLATILITY,0,SELL_USD
2026-04-09,0.2829674854059241,MODERATE_VOLATILITY,0,SELL_USD
2026-04-10,0.7962674098943638,MODERATE_VOLATILITY,1,BUY_USD
2026-04-13,0.8041672064497338,MODERATE_VOLATILITY,1,BUY_USD
2026-04-14,0.5743481346311116,MODERATE_VOLATILITY,1,BUY_USD
2026-04-15,0.8944799793295354,MODERATE_VOLATILITY,1,BUY_USD
2026-04-16,0.8705818111239023,MODERATE_VOLATILITY,1,BUY_USD
2026-04-17,0.8805810984129967,MODERATE_VOLATILITY,1,BUY_USD
2026-04-20,0.8382795341030711,MODERATE_VOLATILITY,1,BUY_USD
2026-04-21,0.880213850479959,MODERATE_VOLATILITY,1,BUY_USD
2026-04-22,0.7378887816418522,MODERATE_VOLATILITY,1,BUY_USD
2026-04-23,0.7176440974280631,MODERATE_VOLATILITY,1,BUY_USD
2026-04-24,0.2624226445982768,MODERATE_VOLATILITY,0,SELL_USD
2026-04-27,0.3240892247299535,MODERATE_VOLATILITY,0,SELL_USD
2026-04-28,0.6176894928112309,MODERATE_VOLATILITY,1,BUY_USD
2026-04-29,0.7448180644443181,MODERATE_VOLATILITY,1,BUY_USD
2026-04-30,0.14317433897369505,MODERATE_VOLATILITY,0,SELL_USD
2026-05-01,0.1833757183601682,MODERATE_VOLATILITY,0,SELL_USD
2026-05-04,0.18137137985999272,MODERATE_VOLATILITY,0,SELL_USD
2026-05-05,0.2058927822845717,MODERATE_VOLATILITY,0,SELL_USD
2026-05-06,0.7019514660296898,MODERATE_VOLATILITY,1,BUY_USD
2026-05-07,0.8510032916635002,MODERATE_VOLATILITY,1,BUY_USD
2026-05-08,0.8840758923218897,MODERATE_VOLATILITY,1,BUY_USD
2026-05-11,0.8678164164238,MODERATE_VOLATILITY,1,BUY_USD
2026-05-12,0.2822038303082587,MODERATE_VOLATILITY,0,SELL_USD
2026-05-13,0.09091543712803923,MODERATE_VOLATILITY,0,SELL_USD
2026-05-14,0.7430734807079333,MODERATE_VOLATILITY,1,BUY_USD
2026-05-15,0.2064658842447712,MODERATE_VOLATILITY,0,SELL_USD
2026-05-18,0.18476659752983543,MODERATE_VOLATILITY,0,SELL_USD
2026-05-19,0.11495177348281228,MODERATE_VOLATILITY,0,SELL_USD
2026-05-20,0.10825417023716459,MODERATE_VOLATILITY,0,SELL_USD
2026-05-21,0.15109458790914923,MODERATE_VOLATILITY,0,SELL_USD
2026-05-22,0.27853257646306795,MODERATE_VOLATILITY,0,SELL_USD
2026-05-25,0.7631836191932404,MODERATE_VOLATILITY,1,BUY_USD
2026-05-26,0.7102843324829965,MODERATE_VOLATILITY,1,BUY_USD
2026-05-27,0.9280581874087107,MODERATE_VOLATILITY,1,BUY_USD
2026-05-28,0.8663666346473946,MODERATE_VOLATILITY,1,BUY_USD
2026-05-29,0.9144200946311847,MODERATE_VOLATILITY,1,BUY_USD
2026-06-01,0.8696721795883513,MODERATE_VOLATILITY,1,BUY_USD
2026-06-02,0.44441995745743174,MODERATE_VOLATILITY,0,HOLD
2026-06-03,0.36203242590274665,MODERATE_VOLATILITY,0,SELL_USD
2026-06-04,0.23062067634040206,MODERATE_VOLATILITY,0,SELL_USD
2026-06-05,0.7421316771434399,MODERATE_VOLATILITY,1,BUY_USD
2026-06-08,0.1410046582117247,MODERATE_VOLATILITY,0,SELL_USD
2026-06-09,0.16302521358873065,MODERATE_VOLATILITY,0,SELL_USD
2026-06-10,0.16242297117806442,MODERATE_VOLATILITY,0,SELL_USD
2026-06-11,0.6050151919710683,MODERATE_VOLATILITY,1,BUY_USD
2026-06-12,0.8854813072596404,MODERATE_VOLATILITY,1,BUY_USD
2026-06-15,0.8928796661423499,MODERATE_VOLATILITY,1,BUY_USD
2026-06-16,0.9537046188793035,MODERATE_VOLATILITY,1,BUY_USD
2026-06-17,0.9577469863833047,MODERATE_VOLATILITY,1,BUY_USD
2026-06-18,0.9530325110184703,MODERATE_VOLATILITY,1,BUY_USD
2026-06-19,0.9201452783100661,MODERATE_VOLATILITY,1,BUY_USD
2026-06-22,0.9259927941609749,MODERATE_VOLATILITY,1,BUY_USD
2026-06-23,0.9468629419780038,MODERATE_VOLATILITY,1,BUY_USD
2026-06-24,0.8710160865986603,MODERATE_VOLATILITY,1,BUY_USD
2026-06-25,0.8241593157573961,MODERATE_VOLATILITY,1,BUY_USD
2026-06-26,0.8441582513465912,MODERATE_VOLATILITY,1,BUY_USD
2026-06-29,0.8281814421422511,MODERATE_VOLATILITY,1,BUY_USD
2026-06-30,0.82824516943864,MODERATE_VOLATILITY,1,BUY_USD
2026-07-01,0.8468761763399537,MODERATE_VOLATILITY,1,BUY_USD
2026-07-02,0.44943415978732554,MODERATE_VOLATILITY,0,HOLD
2026-07-03,0.4770466717111914,MODERATE_VOLATILITY,0,HOLD
2026-07-06,0.8295618145386507,MODERATE_VOLATILITY,1,BUY_USD
2026-07-07,0.8829241312280965,MODERATE_VOLATILITY,1,BUY_USD
2026-07-08,0.8817850533514937,MODERATE_VOLATILITY,1,BUY_USD
2026-07-09,0.8434610736506343,MODERATE_VOLATILITY,1,BUY_USD
2026-07-10,0.8912902440540508,MODERATE_VOLATILITY,1,BUY_USD
2026-07-13,0.8369807514227,MODERATE_VOLATILITY,1,BUY_USD
2026-07-14,0.7992977845857623,MODERATE_VOLATILITY,1,BUY_USD
2026-07-15,0.7996931238843973,MODERATE_VOLATILITY,1,BUY_USD
2026-07-16,0.8434850938808928,MODERATE_VOLATILITY,1,BUY_USD
2026-07-17,0.6653758623439772,MODERATE_VOLATILITY,1,BUY_USD
2026-07-20,0.17078653136729113,MODERATE_VOLATILITY,0,SELL_USD
2026-07-21,0.11888373552689048,MODERATE_VOLATILITY,0,SELL_USD
2026-07-22,0.1399348436041572,MODERATE_VOLATILITY,0,SELL_USD
2026-07-23,0.08040371984133463,MODERATE_VOLATILITY,0,SELL_USD
2026-07-24,0.07105777334332516,MODERATE_VOLATILITY,0,SELL_USD
2026-07-27,0.05399931977762343,MODERATE_VOLATILITY,0,SELL_USD
2026-07-28,0.13508920240462038,MODERATE_VOLATILITY,0,SELL_USD
2026-07-29,0.07196992967318061,MODERATE_VOLATILITY,0,SELL_USD
2026-07-30,0.040652014307619756,MODERATE_VOLATILITY,0,SELL_USD
2026-07-31,0.08212653301847175,MODERATE_VOLATILITY,0,SELL_USD
2026-08-03,0.14092252594214572,MODERATE_VOLATILITY,0,SELL_USD
2026-08-04,0.2616531179401964,MODERATE_VOLATILITY,0,SELL_USD
2026-08-05,0.706327116215046,MODERATE_VOLATILITY,1,BUY_USD
2026-08-06,0.7611609349434328,MODERATE_VOLATILITY,1,BUY_USD
2026-08-07,0.7647282333325814,MODERATE_VOLATILITY,1,BUY_USD
2026-08-10,0.5878090672207433,MODERATE_VOLATILITY,1,BUY_USD
2026-08-11,0.10395446425913162,MODERATE_VOLATILITY,0,SELL_USD
2026-08-12,0.080442409098542,MODERATE_VOLATILITY,0,SELL_USD
2026-08-13,0.12165638602484506,MODERATE_VOLATILITY,0,SELL_USD
2026-08-14,0.17437769696861816,MODERATE_VOLATILITY,0,SELL_USD
2026-08-17,0.10311864054340039,MODERATE_VOLATILITY,0,SELL_USD
2026-08-18,0.11013296803951764,MODERATE_VOLATILITY,0,SELL_USD
2026-08-19,0.05129776350201253,MODERATE_VOLATILITY,0,SELL_USD
2026-08-20,0.05378572120051619,MODERATE_VOLATILITY,0,SELL_USD
2026-08-21,0.05522423112509763,MODERATE_VOLATILITY,0,SELL_USD
2026-08-24,0.1446557730345814,MODERATE_VOLATILITY,0,SELL_USD
2026-08-25,0.14390261932603932,MODERATE_VOLATILITY,0,SELL_USD
2026-08-26,0.33797107189864106,MODERATE_VOLATILITY,0,SELL_USD
2026-08-27,0.15025794125553654,MODERATE_VOLATILITY,0,SELL_USD
2026-08-28,0.15524224931582215,MODERATE_VOLATILITY,0,SELL_USD
2026-08-31,0.10224922337661455,MODERATE_VOLATILITY,0,SELL_USD
2026-09-01,0.10770179249250826,MODERATE_VOLATILITY,0,SELL_USD
2026-09-02,0.07995105066073545,MODERATE_VOLATILITY,0,SELL_USD
2026-09-03,0.07004135546010153,MODERATE_VOLATILITY,0,SELL_USD
2026-09-04,0.08508580926043555,MODERATE_VOLATILITY,0,SELL_USD
2026-09-07,0.14141664542766386,MODERATE_VOLATILITY,0,SELL_USD
2026-09-08,0.16496416435527844,MODERATE_VOLATILITY,0,SELL_USD
2026-09-09,0.12908854584341056,MODERATE_VOLATILITY,0,SELL_USD
2026-09-10,0.12401221366082983,MODERATE_VOLATILITY,0,SELL_USD
2026-09-11,0.10530075636003844,MODERATE_VOLATILITY,0,SELL_USD
2026-09-14,0.0974359712508607,MODERATE_VOLATILITY,0,SELL_USD
2026-09-15,0.05503712427770541,MODERATE_VOLATILITY,0,SELL_USD
2026-09-16,0.0687200562482395,MODERATE_VOLATILITY,0,SELL_USD
2026-09-17,0.05605265227505276,MODERATE_VOLATILITY,0,SELL_USD
2026-09-18,0.08755621378427217,MODERATE_VOLATILITY,0,SELL_USD
2026-09-21,0.1389316076453694,MODERATE_VOLATILITY,0,SELL_USD
2026-09-22,0.3328500116146411,MODERATE_VOLATILITY,0,SELL_USD
2026-09-23,0.2069367965583592,MODERATE_VOLATILITY,0,SELL_USD
2026-09-24,0.06501519154668559,MODERATE_VOLATILITY,0,SELL_USD
2026-09-25,0.045207649796384065,MODERATE_VOLATILITY,0,SELL_USD
2026-09-28,0.055870147874621676,MODERATE_VOLATILITY,0,SELL_USD
2026-09-29,0.05654618073234867,MODERATE_VOLATILITY,0,SELL_USD
2026-09-30,0.06652939497603637,MODERATE_VOLATILITY,0,SELL_USD
